name,date,slice_s_idx,slice_e_idx,start_time,end_time,ellipse_d_max,Euclidean_d_max,Feret_d_max,area,perimeter,circularity,probe,first_diode_trunc,last_diode_trunc,image_trunc,aspect_ratio,wind_w,pres,alt,temp,LWC,IWC
94298_19ch0,220719,94298,94332,18:53:04.977000000,18:53:04.977000000,349.71013268462286,392.0459156782532,402.2437072223753,71300.0,1454.3250352560271,2.360606326353824,ch0,25,0,0,1.2191606231977743,-2.0431948,400.87717,7644.9404,257.9089,0.032682706,0.076399386
94298_19ch0,220719,94298,94311,18:53:04.977000000,18:53:04.977000000,146.83957778888205,130.0,140.356688476182,4400.0,313.1370849898476,1.773399036876014,ch0,0,0,0,3.089049343690294,-2.0431948,400.87717,7644.9404,257.9089,0.032682706,0.076399386
226470_19ch0,220719,226470,226482,18:56:50.694000000,18:56:50.694000000,152.27258237874855,126.49110640673518,143.17821063276352,4200.0,315.2081528017131,1.882503227249908,ch0,0,0,0,3.395385204319324,-2.7623172,388.69946,7885.331,255.70236,0.16222349,0.33487892
226470_19ch0,220719,226470,226483,18:56:50.694000000,18:56:50.694000000,174.59071194603266,172.04650534085255,186.0107523773828,13000.0,652.4873734152916,2.606099586878622,ch0,0,0,0,1.5339494515902643,-2.7623172,388.69946,7885.331,255.70236,0.16222349,0.33487892
230869_19ch0,220719,230869,230879,18:56:50.772000000,18:56:50.772000000,135.55636671414564,144.22205101855957,152.64337522473747,8000.0,483.492424049175,2.3253026996298343,ch0,0,0,0,1.2634122056003771,-2.7623172,388.69946,7885.331,255.70236,0.186962,0.44295257
230869_19ch0,220719,230869,230879,18:56:50.772000000,18:56:50.772000000,127.33188760662344,116.619037896906,125.29964086141668,6300.0,403.8477631085024,2.0600840986667004,ch0,0,0,0,1.422839271029916,-2.7623172,388.69946,7885.331,255.70236,0.186962,0.44295257
235921_19ch0,220719,235921,235938,18:56:50.866000000,18:56:50.866000000,349.76717593686857,317.8049716414141,327.56678708318395,28600.0,1188.7615433949868,3.932000796728943,ch0,0,4,0,2.3070644905840823,-2.7623172,388.69946,7885.331,255.70236,0.20870729,0.28334114
235921_19ch0,220719,235921,235926,18:56:50.866000000,18:56:50.866000000,101.87979356177608,100.0,110.4536101718726,2800.0,216.5685424949238,1.3329776022766653,ch0,0,1,0,1.968843107087373,-2.7623172,388.69946,7885.331,255.70236,0.20870729,0.28334114
249985_19ch0,220719,249985,249995,18:56:51.256000000,18:56:51.256000000,137.6088385861642,114.0175425099138,130.384048104053,4100.0,281.4213562373095,1.5371646292120489,ch0,0,0,0,3.407774722095797,-2.7623172,388.69946,7885.331,255.70236,0.3099839,0.23613556
249985_19ch0,220719,249985,250002,18:56:51.256000000,18:56:51.256000000,253.8874809019182,245.15301344262525,259.6150997149434,29400.0,1078.4062043356594,3.1478031176103323,ch0,0,0,0,1.4658876142843076,-2.7623172,388.69946,7885.331,255.70236,0.3099839,0.23613556
364115_19ch0,220719,364115,364180,19:04:04.624000000,19:04:04.624000000,824.9194110086995,869.2525524840291,882.3831367382311,264600.0,5807.777413171634,10.144256523259331,ch0,0,0,0,1.5073630229814332,0.43608752,428.62976,7139.6304,261.3612,0.008301605,0.029498398
364115_19ch0,220719,364115,364124,19:04:04.624000000,19:04:04.624000000,202.94417566554344,155.24174696260025,170.8800749063506,7700.0,627.6345596729059,4.071112553121838,ch0,0,0,0,1.7896655881284695,0.43608752,428.62976,7139.6304,261.3612,0.008301605,0.029498398
806361_19ch0,220719,806361,806380,19:11:06.881000000,19:11:06.881000000,313.91765412906864,291.547594742265,303.6445290137795,35200.0,1034.9747468305832,2.4216254877834884,ch0,0,0,0,1.909872151962267,6.612438e-05,451.98834,6729.8833,263.03412,0.004091413,0.19165337
806361_19ch0,220719,806361,806371,19:11:06.881000000,19:11:06.881000000,125.11257020858578,104.40306508910552,120.83045973594572,3900.0,258.99494936611666,1.3686995328119091,ch0,0,0,0,2.8770315163162685,6.612438e-05,451.98834,6729.8833,263.03412,0.004091413,0.19165337
830185_19ch0,220719,830185,830221,19:11:11.327000000,19:11:11.327000000,546.975205921078,530.0943312279428,540.8326913195983,82900.0,2226.51803615609,4.758696864110925,ch0,0,0,0,2.076258375155908,0.44460255,452.15314,6729.3623,263.61365,0.0,0.096942514
830185_19ch0,220719,830185,830198,19:11:11.327000000,19:11:11.327000000,141.62088522603486,130.384048104053,141.4213562373095,5900.0,322.78174593052023,1.4052579699072447,ch0,0,0,0,2.453529704477104,0.44460255,452.15314,6729.3623,263.61365,0.0,0.096942514
1188953_19ch0,220719,1188953,1188964,19:15:08.588000000,19:15:08.588000000,130.00055234803148,120.83045973594572,130.0,2900.0,226.56854249492383,1.4086119221006903,ch0,0,0,0,2.994171100372527,-0.32854366,463.52786,6538.0825,263.90796,0.015428569,0.017651306
1188953_19ch0,220719,1188953,1188968,19:15:08.588000000,19:15:08.588000000,202.51021826654835,215.40659228538016,228.4731931759173,19600.0,675.918830920368,1.854911340935816,ch0,0,0,0,1.3579149423684151,-0.32854366,463.52786,6538.0825,263.90796,0.015428569,0.017651306
1403973_19ch0,220719,1403973,1403987,19:20:03.585000000,19:20:03.585000000,188.0089444414094,178.04493814764857,192.09372712298543,16200.0,735.5634918610405,2.657758116183616,ch0,13,0,0,1.2746887337672246,1.2434211,472.3631,6388.004,264.4714,0.0,0.29272678
1403973_19ch0,220719,1403973,1403984,19:20:03.585000000,19:20:03.585000000,108.53789418561206,110.0,120.0,3300.0,230.7106781186548,1.2835464429152157,ch0,0,0,0,2.349983481195803,1.2434211,472.3631,6388.004,264.4714,0.0,0.29272678
14000_20ch0,220720,14000,14014,18:35:50.591000000,18:35:50.591000000,214.93183916643235,172.04650534085255,186.0107523773828,8500.0,523.8477631085022,2.5691022991177173,ch0,0,0,0,2.5171336639592927,-0.30816025,392.99344,7793.719,256.289,0.0045559453,0.046033062
14000_20ch0,220720,14000,14026,18:35:50.591000000,18:35:50.591000000,263.862311754212,288.44410203711914,296.81644159311656,45600.0,1015.6244584051392,1.8000791245852164,ch0,0,19,0,1.080718939944369,-0.30816025,392.99344,7793.719,256.289,0.0045559453,0.046033062
367051_20ch0,220720,367051,367084,18:40:59.846000000,18:40:59.846000000,626.5371278182162,636.9458375717671,646.2197768561405,112500.0,2148.2337649086285,3.264379863308573,ch0,0,0,0,2.43651908905977,-2.6847816,352.44666,8610.611,251.001,0.00016109257,0.17451775
367051_20ch0,220720,367051,367058,18:40:59.846000000,18:40:59.846000000,163.6112670801484,152.97058540778357,162.78820596099706,4400.0,372.42640687119285,2.508524768778465,ch0,0,0,0,2.3357408468292884,-2.6847816,352.44666,8610.611,251.001,0.00016109257,0.17451775
568208_20ch0,220720,568208,568225,18:41:06.694000000,18:41:06.694000000,417.9293525988809,441.8144406874905,451.7742799230607,45400.0,1309.827560572969,3.007201517115388,ch0,0,0,0,2.6694475828614648,-0.47199288,352.35294,8603.233,250.57713,0.05960513,0.43103302
568208_20ch0,220720,568208,568222,18:41:06.694000000,18:41:06.694000000,157.3702355117519,143.17821063276352,152.97058540778357,8500.0,429.70562748477136,1.7286747674182097,ch0,0,14,0,2.012966641004817,-0.47199288,352.35294,8603.233,250.57713,0.05960513,0.43103302
728277_20ch0,220720,728277,728319,18:41:08.956000000,18:41:08.956000000,537.5607047427657,579.7413216254298,592.0304046246274,92300.0,2508.294731452728,5.424323305281936,ch0,0,0,0,1.2695152857240393,0.71335065,352.68448,8601.603,250.51028,0.0,1.5812247
728277_20ch0,220720,728277,728290,18:41:08.956000000,18:41:08.956000000,201.0666065752948,201.24611797498108,210.2379604162864,17100.0,623.1980515339465,1.8073663791613648,ch0,0,4,0,1.748941166455256,0.71335065,352.68448,8601.603,250.51028,0.0,1.5812247
1003345_20ch0,220720,1003345,1003360,18:41:15.992000000,18:41:15.992000000,231.16805938212863,215.870331449229,228.0350850198276,22300.0,794.2640687119285,2.251205314182534,ch0,0,0,0,1.586790677370009,0.15008743,352.668,8596.316,250.90231,0.0,0.2877712
1003345_20ch0,220720,1003345,1003355,18:41:15.992000000,18:41:15.992000000,113.93599037102194,104.40306508910552,114.0175425099138,3800.0,242.42640687119288,1.2307402065411246,ch0,0,0,0,2.6249716963117296,0.15008743,352.668,8596.316,250.90231,0.0,0.2877712
1016899_20ch0,220720,1016899,1016909,18:41:16.506000000,18:41:16.506000000,101.50007694612076,100.4987562112089,110.4536101718726,3800.0,226.56854249492383,1.0749933089715795,ch0,0,0,0,1.9257283770047569,0.26495028,352.70404,8595.919,250.58342,0.037641834,0.22613941
1016899_20ch0,220720,1016899,1016911,18:41:16.506000000,18:41:16.506000000,179.567815682718,180.27756377319943,194.164878389476,16000.0,657.9898987322333,2.153320159615818,ch0,0,0,0,1.3322389162168256,0.26495028,352.70404,8595.919,250.58342,0.037641834,0.22613941
1084989_20ch0,220720,1084989,1085000,18:41:18.004000000,18:41:18.004000000,140.77170588338296,117.04699910719626,134.1640786499874,3500.0,266.9238815542512,1.6199326356370505,ch0,0,0,0,3.0160857318782024,-0.17811881,352.7998,8596.436,250.37033,0.013303516,0.34047815
1084989_20ch0,220720,1084989,1085008,18:41:18.004000000,18:41:18.004000000,312.4868558415385,311.44823004794875,321.40317359976393,40000.0,964.2640687119284,1.849788659635793,ch0,0,0,0,1.772204991607861,-0.17811881,352.7998,8596.436,250.37033,0.013303516,0.34047815
1154864_20ch0,220720,1154864,1154875,18:41:19.455000000,18:41:19.455000000,136.27553317822498,114.0175425099138,130.384048104053,4500.0,333.492424049175,1.966751849241367,ch0,0,0,0,1.9555652466912663,-0.7093752,352.70816,8597.584,250.48871,0.0064446866,0.2351761
1154864_20ch0,220720,1154864,1154883,18:41:19.455000000,18:41:19.455000000,221.8455183289365,226.71568097509268,236.00847442411893,28300.0,825.9797974644666,1.918414952069937,ch0,0,0,0,1.1488885949106344,-0.7093752,352.70816,8597.584,250.48871,0.0064446866,0.2351761
1271379_20ch0,220720,1271379,1271390,18:41:25.008000000,18:41:25.008000000,117.29688845319774,110.4536101718726,120.41594578792296,3700.0,287.27922061357856,1.7749937969692418,ch0,0,0,0,2.0295972794205666,-0.6525416,352.17792,8608.525,250.85281,0.019161172,0.12359617
1271379_20ch0,220720,1271379,1271395,18:41:25.008000000,18:41:25.008000000,314.5352687810259,300.8321791298265,313.8470965295043,29200.0,1171.543289325507,3.740450966377967,ch0,0,0,0,2.131448183052781,-0.6525416,352.17792,8608.525,250.85281,0.019161172,0.12359617
1336131_20ch0,220720,1336131,1336145,18:45:31.411000000,18:45:31.411000000,342.2161127427716,335.26109228480425,347.85054261852173,30500.0,1014.619407771256,2.685941980942016,ch0,0,0,0,2.731910776017592,-2.0839636,326.39716,9163.603,246.5128,0.032351337,0.15119475
1336131_20ch0,220720,1336131,1336140,18:45:31.411000000,18:45:31.411000000,127.98640100617897,108.16653826391968,122.06555615733704,3700.0,273.1370849898476,1.6045370592073325,ch0,0,0,0,2.717124718442068,-2.0839636,326.39716,9163.603,246.5128,0.032351337,0.15119475
1515314_20ch0,220720,1515314,1515332,18:45:41.114000000,18:45:41.114000000,267.60108302866445,243.3105012119288,254.95097567963924,23600.0,1307.1067811865476,5.761031747512625,ch0,0,0,0,1.398055204862477,0.42521024,326.26947,9166.743,246.44398,0.0,0.061303623
1515314_20ch0,220720,1515314,1515325,18:45:41.114000000,18:45:41.114000000,129.84989261654064,120.83045973594572,130.0,3100.0,254.85281374238568,1.6672752674223643,ch0,0,0,0,2.6133192874268456,0.42521024,326.26947,9166.743,246.44398,0.0,0.061303623
1556579_20ch0,220720,1556579,1556613,19:03:17.719000000,19:03:17.719000000,499.9985674103076,499.2995093127971,507.74009099144416,78200.0,2420.3657992645926,5.9613606702280695,ch0,0,0,0,1.6717449502101778,-0.15480985,407.5325,7520.274,257.93588,1.1308587e-05,0.04687581
1556579_20ch0,220720,1556579,1556588,19:03:17.719000000,19:03:17.719000000,110.11903690528708,106.3014581273465,122.06555615733704,5500.0,318.6396103067893,1.4690175052749153,ch0,0,7,0,1.5170295480510396,-0.15480985,407.5325,7520.274,257.93588,1.1308587e-05,0.04687581
1589447_20ch0,220720,1589447,1589455,19:03:22.134000000,19:03:22.134000000,117.33525221907016,100.0,114.0175425099138,4400.0,273.1370849898476,1.349269799787984,ch0,0,0,0,2.2959394425216626,-0.16766202,407.7271,7515.736,258.02695,0.0,0.22394933
1589447_20ch0,220720,1589447,1589468,19:03:22.134000000,19:03:22.134000000,299.81428783210407,297.3213749463701,311.44823004794875,33800.0,1111.543289325507,2.9088826267238,ch0,0,0,0,1.7775862766422694,-0.16766202,407.7271,7515.736,258.02695,0.0,0.22394933
1595927_20ch0,220720,1595927,1595938,19:03:22.665000000,19:03:22.665000000,134.947092941059,120.83045973594572,134.1640786499874,4700.0,296.9238815542512,1.4927343839319294,ch0,0,0,0,2.560188011484621,-0.26975507,407.73843,7515.902,258.0358,0.0,0.16268484
1595927_20ch0,220720,1595927,1595953,19:03:22.665000000,19:03:22.665000000,413.4972480932614,386.39358172723314,398.1205847478876,47700.0,1536.75144212722,3.939843905300594,ch0,0,0,0,2.3476973362843734,-0.26975507,407.73843,7515.902,258.0358,0.0,0.16268484
1605433_20ch0,220720,1605433,1605451,19:03:23.273000000,19:03:23.273000000,278.3011510928702,272.02941017470886,286.0069929215018,30100.0,805.2691193458118,1.7143746265675657,ch0,12,0,0,1.8220479297724288,-0.26975507,407.73843,7515.902,258.0358,0.0054970975,0.18796568
1605433_20ch0,220720,1605433,1605442,19:03:23.273000000,19:03:23.273000000,131.58443686999348,108.16653826391968,122.06555615733704,3200.0,248.63961030678928,1.5373784551322265,ch0,0,0,0,2.666289189892433,-0.26975507,407.73843,7515.902,258.0358,0.0054970975,0.18796568
1627673_20ch0,220720,1627673,1627770,19:03:24.521000000,19:03:24.521000000,995.9827205809036,1011.3357503816426,1021.5674231297708,221400.0,4922.680733252853,8.709953959735808,ch0,0,70,0,2.487781452403019,-0.18200609,407.65503,7517.9053,257.95425,0.0148163,0.12949371
1627673_20ch0,220720,1627673,1627686,19:03:24.521000000,19:03:24.521000000,160.78160504038289,158.11388300841895,172.04650534085255,12700.0,548.3452377915607,1.8840592970779453,ch0,0,2,0,1.3164065824471916,-0.18200609,407.65503,7517.9053,257.95425,0.0148163,0.12949371
1637019_20ch0,220720,1637019,1637031,19:03:24.927000000,19:03:24.927000000,150.68881245484158,144.22205101855957,158.11388300841895,8600.0,531.776695296637,2.616678019739165,ch0,0,0,0,1.231107433585817,-0.18200609,407.65503,7517.9053,257.95425,0.0004911386,0.22062069
1637019_20ch0,220720,1637019,1637046,19:03:24.927000000,19:03:24.927000000,254.1472360121536,278.92651361962703,291.20439557122074,39400.0,1260.1828996322963,3.207458738779488,ch0,0,0,0,1.1112848754846467,-0.18200609,407.65503,7517.9053,257.95425,0.0004911386,0.22062069
1642254_20ch0,220720,1642254,1642273,19:03:25.176000000,19:03:25.176000000,228.221814701408,194.164878389476,206.15528128088303,7900.0,562.842712474619,3.1910759391237464,ch0,0,0,0,2.0348326928333527,-0.18200609,407.65503,7517.9053,257.95425,0.022121152,0.16642135
1642254_20ch0,220720,1642254,1642275,19:03:25.176000000,19:03:25.176000000,288.3273071293363,299.666481275434,308.7069808086626,44100.0,1318.4671708797582,3.136824256613602,ch0,0,0,0,1.2971031839846583,-0.18200609,407.65503,7517.9053,257.95425,0.022121152,0.16642135
1658626_20ch0,220720,1658626,1658639,19:03:25.972000000,19:03:25.972000000,146.26105761001182,131.52946437965906,143.17821063276352,5600.0,312.78174593052023,1.3902244045643914,ch0,0,0,0,2.46239418922759,-0.22304305,407.58194,7519.623,257.8967,0.004214134,0.23544955
1658626_20ch0,220720,1658626,1658657,19:03:25.972000000,19:03:25.972000000,360.8339687626701,352.2782990761707,363.59317925395686,52200.0,1736.812408671319,4.598598142215512,ch0,0,0,0,1.4870052954393471,-0.22304305,407.58194,7519.623,257.8967,0.004214134,0.23544955
1861831_20ch0,220720,1861831,1861867,19:03:37.875000000,19:03:37.875000000,411.95070621344735,452.2167621838005,462.709412050371,88000.0,1745.0966799187809,2.7538891080088184,ch0,0,0,0,1.3306900795155094,-0.008557806,406.60672,7538.045,257.83105,0.0,0.08295138
1861831_20ch0,220720,1861831,1861839,19:03:37.875000000,19:03:37.875000000,144.93633914809377,136.01470508735443,144.22205101855957,4400.0,315.208152801713,1.796934898738548,ch0,0,0,0,3.388995982802831,-0.008557806,406.60672,7538.045,257.83105,0.0,0.08295138
1874727_20ch0,220720,1874727,1874781,19:03:39.716000000,19:03:39.716000000,715.2904529615373,771.621668954417,781.0889834071404,205800.0,3957.827919510468,6.0570140512304285,ch0,0,0,0,1.5829039213784184,0.10674808,406.5501,7538.069,257.78113,0.009545012,0.087212
1874727_20ch0,220720,1874727,1874738,19:03:39.716000000,19:03:39.716000000,128.792944131803,117.04699910719626,126.49110640673518,4400.0,329.70562748477136,1.9660301749212865,ch0,0,0,0,2.1445863545710764,0.10674808,406.5501,7538.069,257.78113,0.009545012,0.087212
1957093_20ch0,220720,1957093,1957121,19:04:04.520000000,19:04:04.676000000,356.6733200843575,386.0051813123756,396.6106403010388,48900.0,1470.182899632296,3.517418235483092,ch0,0,9,0,1.5135171161397734,-0.1808984,406.8796,7531.3877,258.2781,0.0,0.018755201
1957093_20ch0,220720,1957093,1957104,19:04:04.520000000,19:04:04.676000000,125.770416994923,120.83045973594572,134.1640786499874,6400.0,308.6396103067893,1.1844411462054096,ch0,0,9,0,1.852150501632425,-0.1808984,406.8796,7531.3877,258.2781,0.0,0.018755201
2161939_20ch0,220720,2161939,2161948,19:33:33.890000000,19:33:33.890000000,143.0347407524908,143.17821063276352,155.24174696260025,9000.0,445.56349186104046,1.7553625321976725,ch0,0,0,0,1.581171584583523,-0.31238684,341.63474,8837.983,249.02925,0.032909244,0.89677036
2161939_20ch0,220720,2161939,2161962,19:33:33.890000000,19:33:33.890000000,283.5181385041582,302.65491900843114,314.00636936215164,41900.0,1089.1168824543142,2.252812738810677,ch0,0,0,0,1.3617547076968235,-0.31238684,341.63474,8837.983,249.02925,0.032909244,0.89677036
2173288_20ch0,220720,2173288,2173302,19:33:34.062000000,19:33:34.062000000,255.59412780319144,257.0992026436488,269.2582403567252,20900.0,835.2691193458118,2.656419751673176,ch0,0,0,0,2.14552896872081,-0.31238684,341.63474,8837.983,249.02925,0.02715255,0.62895125
2173288_20ch0,220720,2173288,2173294,19:33:34.062000000,19:33:34.062000000,147.5345766071076,110.4536101718726,123.6931687685298,3400.0,306.5685424949238,2.1997149032239784,ch0,0,0,0,2.175527762820519,-0.31238684,341.63474,8837.983,249.02925,0.02715255,0.62895125
2193286_20ch0,220720,2193286,2193297,19:33:34.358000000,19:33:34.358000000,149.01776377521702,136.01470508735443,148.66068747318505,10700.0,601.776695296637,2.6932526035289,ch0,0,0,0,1.17815015438808,-0.31238684,341.63474,8837.983,249.02925,0.050760705,0.49533427
2193286_20ch0,220720,2193286,2193318,19:33:34.358000000,19:33:34.358000000,357.8247624792399,368.78177829171545,380.78865529319546,75100.0,1507.4621202458748,2.407925327487753,ch0,0,0,0,1.2714629539381097,-0.31238684,341.63474,8837.983,249.02925,0.050760705,0.49533427
2343989_20ch0,220720,2343989,2344025,19:33:36.293000000,19:33:36.293000000,425.7271426349541,427.2001872658765,435.6604182158393,84200.0,1592.9646455628165,2.398227169179366,ch0,5,0,0,1.610669137542084,-3.3814383,341.73563,8838.799,249.02202,0.0440234,0.43976763
2343989_20ch0,220720,2343989,2344000,19:33:36.293000000,19:33:36.293000000,178.51637841650216,177.2004514666935,186.81541692269408,14200.0,494.5584412271571,1.3706830092761084,ch0,0,0,0,1.6972892868319231,-3.3814383,341.73563,8838.799,249.02202,0.0440234,0.43976763
2378502_20ch0,220720,2378502,2378516,19:33:36.761000000,19:33:36.761000000,161.26866804629867,141.4213562373095,151.32745950421557,4200.0,315.2081528017131,1.882503227249908,ch0,0,0,0,3.197998232244827,-3.854809,341.67798,8837.806,248.86433,0.02238785,0.38638458
2378502_20ch0,220720,2378502,2378518,19:33:36.761000000,19:33:36.761000000,268.3292351089165,268.3281572999748,277.308492477241,22400.0,824.2640687119285,2.41365311653283,ch0,0,0,0,1.748304251989771,-3.854809,341.67798,8837.806,248.86433,0.02238785,0.38638458
506362_23ch0,220723,506362,506368,19:00:33.389000000,19:00:33.389000000,133.64949515242233,108.16653826391968,116.619037896906,3200.0,252.78174593052023,1.5890280952189584,ch0,0,0,0,3.208903854442645,14.64253,486.2294,6136.451,266.56076,0.03211306,0.4176231
506362_23ch0,220723,506362,506377,19:00:33.389000000,19:00:33.389000000,229.0714088904424,225.6102834535696,235.3720459187964,19900.0,851.8376618407356,2.901688137989105,ch0,0,0,0,1.5396095566001156,14.64253,486.2294,6136.451,266.56076,0.03211306,0.4176231
623640_23ch0,220723,623640,623649,19:00:38.267000000,19:00:38.267000000,105.02568916402046,108.16653826391968,116.619037896906,5500.0,279.35028842544403,1.12908254807708,ch0,0,0,0,1.475753793908768,16.99597,486.319,6135.8784,266.4537,6.501894e-05,0.3764184
623640_23ch0,220723,623640,623654,19:00:38.267000000,19:00:38.267000000,207.047072900694,188.67962264113208,208.08652046684813,12000.0,652.842712474619,2.826350452268543,ch0,0,0,0,2.0241034838086684,16.99597,486.319,6135.8784,266.4537,6.501894e-05,0.3764184
1234910_23ch0,220723,1234910,1234929,19:08:37.843000000,19:08:37.843000000,239.874513392344,261.72504656604804,269.07248094147417,22000.0,966.98484809835,3.3822584721888496,ch0,18,0,0,1.3759059192847154,25.059624,505.89426,5826.695,268.29187,0.015434481,0.5006366
1234910_23ch0,220723,1234910,1234922,19:08:37.843000000,19:08:37.843000000,142.55416905678229,121.65525060596438,131.52946437965906,3700.0,303.1370849898476,1.976362259457796,ch0,0,0,0,2.790936427910694,25.059624,505.89426,5826.695,268.29187,0.015434481,0.5006366
1549760_23ch0,220723,1549760,1549779,19:12:52.435000000,19:12:52.435000000,214.28972725274505,196.468827043885,208.80613017821105,18500.0,628.7005768508881,1.700223933203176,ch0,15,0,0,1.7071257552868635,10.75186,515.7535,5675.882,269.57288,0.007359407,0.2607888
1549760_23ch0,220723,1549760,1549772,19:12:52.435000000,19:12:52.435000000,119.31096047995578,120.0,130.0,4500.0,278.99494936611666,1.376481265585306,ch0,0,0,0,2.243416242494596,10.75186,515.7535,5675.882,269.57288,0.007359407,0.2607888
1768624_23ch0,220723,1768624,1768655,19:17:04.496000000,19:17:04.496000000,354.38408742475644,355.10561809129405,363.59317925395686,52400.0,1269.1168824543142,2.4460317598243337,ch0,0,0,0,1.7357828982277417,-1.067603,528.83026,5476.711,270.78983,0.009242042,0.45107073
1768624_23ch0,220723,1768624,1768637,19:17:04.496000000,19:17:04.496000000,158.03547688186396,131.52946437965906,145.60219778561037,5500.0,338.99494936611666,1.6627000200103126,ch0,0,0,0,3.0598664773745443,-1.067603,528.83026,5476.711,270.78983,0.009242042,0.45107073
1877822_23ch0,220723,1877822,1877832,19:17:11.984000000,19:17:11.984000000,117.77748725952122,111.80339887498948,120.83045973594572,3400.0,258.99494936611666,1.5699788758724835,ch0,0,0,0,2.624685933965169,-0.38862938,530.0311,5455.2056,270.1545,0.014982444,0.62380075
1877822_23ch0,220723,1877822,1877839,19:17:11.984000000,19:17:11.984000000,239.6609525790363,237.69728648009425,250.0,27800.0,906.335136523794,2.351380833614863,ch0,0,0,0,1.3898940028546782,-0.38862938,530.0311,5455.2056,270.1545,0.014982444,0.62380075
1911595_23ch0,220723,1911595,1911649,19:17:15.088000000,19:17:15.088000000,1334.2390229526084,1237.9418403139946,1249.5199078045937,290300.0,4276.467529817257,5.013181841451574,ch0,0,14,0,3.103840663591331,-0.2088441,529.5275,5461.6865,270.23108,0.021307362,0.19952422
1911595_23ch0,220723,1911595,1911605,19:17:15.088000000,19:17:15.088000000,100.2066829624892,100.0,110.0,2900.0,204.8528137423857,1.151531984301814,ch0,0,11,0,2.227223903380501,-0.2088441,529.5275,5461.6865,270.23108,0.021307362,0.19952422
1929542_23ch0,220723,1929542,1929550,19:17:16.742000000,19:17:16.742000000,121.83628153194772,106.3014581273465,114.0175425099138,3300.0,241.06601717798213,1.4013550451786312,ch0,0,0,0,2.997111457015218,0.1737121,528.9714,5470.8564,270.3786,0.008302751,0.14066961
1929542_23ch0,220723,1929542,1929559,19:17:16.742000000,19:17:16.742000000,229.6957972812432,215.870331449229,234.0939982143925,25400.0,944.9747468305832,2.797672183681009,ch0,0,0,0,1.2649062954816015,0.1737121,528.9714,5470.8564,270.3786,0.008302751,0.14066961
1931800_23ch0,220723,1931800,1931812,19:17:16.945000000,19:17:16.945000000,158.09601265060766,144.22205101855957,158.11388300841895,5700.0,336.92388155425124,1.5848160873349555,ch0,0,0,0,2.8551995578992715,0.1737121,528.9714,5470.8564,270.3786,0.011025622,0.18244597
1931800_23ch0,220723,1931800,1931821,19:17:16.945000000,19:17:16.945000000,293.93181009325536,269.07248094147417,278.0287754891569,29600.0,1167.045814642449,3.6616281297891904,ch0,0,0,0,1.6587594261220373,0.1737121,528.9714,5470.8564,270.3786,0.011025622,0.18244597
568288_25ch0,220725,568288,568296,19:18:57.660000000,19:18:57.660000000,126.79086726852346,116.619037896906,130.384048104053,5600.0,349.350288425444,1.7343003880344654,ch0,0,0,0,1.9798710425659527,-1.9555154,396.23196,7680.636,256.87604,0.06851016,0.35980892
568288_25ch0,220725,568288,568296,19:18:57.660000000,19:18:57.660000000,167.43092945527818,152.97058540778357,170.8800749063506,10800.0,429.70562748477136,1.3605310669495168,ch0,0,0,0,1.9638499313832647,-1.9555154,396.23196,7680.636,256.87604,0.06851016,0.35980892
632374_25ch0,220725,632374,632388,19:20:43.350000000,19:20:43.350000000,230.71852405819607,213.7755832643195,225.6102834535696,22300.0,907.6955262170048,2.940124105512327,ch0,0,0,0,1.566323293466411,-2.32096,395.40097,7698.2246,257.8288,0.02687591,0.20785707
632374_25ch0,220725,632374,632385,19:20:43.350000000,19:20:43.350000000,126.13712929142748,114.0175425099138,126.49110640673518,4500.0,275.208152801713,1.339368907571734,ch0,0,0,0,2.484134356255096,-2.32096,395.40097,7698.2246,257.8288,0.02687591,0.20785707
711126_25ch0,220725,711126,711143,19:20:51.961000000,19:20:51.961000000,352.1745791712259,338.3784863137726,351.1409973215888,42900.0,1207.7564927611031,2.705774537451953,ch0,0,0,0,1.9994553098271937,-1.7227407,395.50085,7699.103,257.7593,0.022849558,0.08423863
711126_25ch0,220725,711126,711140,19:20:51.961000000,19:20:51.961000000,153.86115449633883,143.17821063276352,152.97058540778357,5000.0,321.06601717798213,1.640623065322335,ch0,0,0,0,3.0126345914982,-1.7227407,395.50085,7699.103,257.7593,0.022849558,0.08423863
756738_25ch0,220725,756738,756748,19:20:57.406000000,19:20:57.406000000,123.58820741034287,128.06248474865697,142.12670403551894,6900.0,347.27922061357856,1.390908757513898,ch0,7,0,0,1.588396810221969,-1.6805282,395.3433,7700.1353,257.9705,0.0035184536,0.10554574
756738_25ch0,220725,756738,756760,19:20:57.406000000,19:20:57.406000000,231.6851172237109,250.0,260.768096208106,30200.0,825.9797974644666,1.797719971641696,ch0,0,0,0,1.325504504087012,-1.6805282,395.3433,7700.1353,257.9705,0.0035184536,0.10554574
779809_25ch0,220725,779809,779832,19:21:00.011000000,19:21:00.011000000,339.5464671434098,344.81879299133334,354.400902933387,51400.0,1159.4722215136417,2.081362442700135,ch0,7,0,0,1.654349857527739,-2.13709,395.33713,7701.7573,258.05826,0.0,0.0794605
779809_25ch0,220725,779809,779816,19:21:00.011000000,19:21:00.011000000,120.0670101126826,108.16653826391968,122.06555615733704,3800.0,255.5634918610405,1.3677419463956455,ch0,0,0,0,2.8422967827115206,-2.13709,395.33713,7701.7573,258.05826,0.0,0.0794605
786934_25ch0,220725,786934,786947,19:21:01.196000000,19:21:01.196000000,172.2217712787779,143.17821063276352,156.5247584249853,4200.0,272.78174593052023,1.4098452812104485,ch0,0,0,0,3.9004163613967258,-2.3152,395.5091,7700.909,257.96588,0.0,0.09645282
786934_25ch0,220725,786934,786956,19:21:01.196000000,19:21:01.196000000,286.1319472478922,317.6476034853718,326.49655434629017,29800.0,1137.401153701776,3.4546273006699963,ch0,0,0,0,1.487363653232074,-2.3152,395.5091,7700.909,257.96588,0.0,0.09645282
832947_25ch0,220725,832947,832993,19:21:07.452000000,19:21:07.452000000,648.435186262602,635.6099432828282,644.7480127925949,136200.0,3653.563850798539,7.799134887710712,ch0,0,44,0,1.6458158126543487,-2.026036,396.0013,7686.0933,257.85144,0.0040153977,0.09571384
832947_25ch0,220725,832947,832955,19:21:07.452000000,19:21:07.452000000,130.68113502722787,100.0,120.41594578792296,3600.0,267.2792206135785,1.5791305214555027,ch0,0,0,0,3.157835053683565,-2.026036,396.0013,7686.0933,257.85144,0.0040153977,0.09571384
867221_25ch0,220725,867221,867233,19:21:16.297000000,19:21:16.297000000,172.71332374932064,144.22205101855957,158.11388300841895,3500.0,274.4974746830583,1.713163442781564,ch0,0,0,0,3.542902522801007,-1.8253608,396.57178,7677.226,257.96457,0.0022765147,0.03325189
867221_25ch0,220725,867221,867239,19:21:16.297000000,19:21:16.297000000,305.414137047332,303.6445290137795,315.75306807693886,36000.0,1021.18795026618,2.30514897828716,ch0,0,0,0,1.9119118185517576,-1.8253608,396.57178,7677.226,257.96457,0.0022765147,0.03325189
1201988_25ch0,220725,1201988,1202009,19:25:49.953000000,19:25:49.953000000,277.0447075466493,215.870331449229,225.6102834535696,4400.0,407.2792206135785,3.0000049090991854,ch0,0,0,0,3.2451471209129434,-1.9039223,356.58783,8473.768,252.68929,0.015196937,0.23326357
1201988_25ch0,220725,1201988,1202008,19:25:49.953000000,19:25:49.953000000,343.39993881552584,343.6568055487916,353.5533905932738,52000.0,1059.8275605729689,1.718926117939684,ch0,0,0,0,1.7338354563638794,-1.9039223,356.58783,8473.768,252.68929,0.015196937,0.23326357
1203352_25ch0,220725,1203352,1203361,19:25:49.968000000,19:25:49.968000000,126.58134862930126,100.0,116.619037896906,3000.0,234.4974746830583,1.4586302685756485,ch0,0,0,0,3.1625073281208107,-1.9039223,356.58783,8473.768,252.68929,0.012589383,0.29262584
1203352_25ch0,220725,1203352,1203367,19:25:49.968000000,19:25:49.968000000,205.6211789815072,205.91260281974,214.7091055358389,17700.0,802.842712474619,2.897862725976544,ch0,0,0,0,1.3353351506582316,-1.9039223,356.58783,8473.768,252.68929,0.012589383,0.29262584
1229138_25ch0,220725,1229138,1229145,19:25:51.014000000,19:25:51.014000000,151.22309808749776,120.83045973594572,138.92443989449805,4000.0,277.27922061357856,1.529553928964602,ch0,0,0,0,3.749567164862593,-1.5077727,356.65063,8472.819,252.70132,0.0011233584,0.34225285
1229138_25ch0,220725,1229138,1229152,19:25:51.014000000,19:25:51.014000000,236.90981406107568,225.6102834535696,237.69728648009425,19600.0,872.193000900063,3.088582875174433,ch0,0,0,0,1.6353236662303288,-1.5077727,356.65063,8472.819,252.70132,0.0011233584,0.34225285
1319552_25ch0,220725,1319552,1319560,19:25:54.414000000,19:25:54.414000000,123.26877122457728,100.0,120.41594578792296,4800.0,327.27922061357856,1.7757661090810914,ch0,0,0,0,2.096362860668848,-1.0862921,356.82156,8468.344,252.39249,0.008720556,0.3785112
1319552_25ch0,220725,1319552,1319567,19:25:54.414000000,19:25:54.414000000,287.492129624269,284.42925306655786,296.141857899217,32600.0,855.269119345812,1.7855750914633677,ch0,0,0,0,1.9015934384819189,-1.0862921,356.82156,8468.344,252.39249,0.008720556,0.3785112
1401572_25ch0,220725,1401572,1401583,19:25:58.065000000,19:25:58.065000000,145.43817115330066,110.4536101718726,123.6931687685298,4100.0,288.2842712474619,1.6130512840846485,ch0,0,0,0,3.61461648639447,-1.312883,356.93173,8467.608,252.53406,0.0035900788,0.23273465
1401572_25ch0,220725,1401572,1401586,19:25:58.065000000,19:25:58.065000000,220.1699227132876,199.24858845171275,211.8962010041709,19900.0,829.4112549695427,2.750913333431865,ch0,0,0,0,1.4476788570924062,-1.312883,356.93173,8467.608,252.53406,0.0035900788,0.23273465
1407561_25ch0,220725,1407561,1407574,19:25:58.408000000,19:25:58.408000000,131.48882593429852,130.0,140.0,4300.0,293.1370849898476,1.5902419655912596,ch0,0,0,0,2.815747007234564,-1.312883,356.93173,8467.608,252.53406,0.004402068,0.27160865
1407561_25ch0,220725,1407561,1407576,19:25:58.408000000,19:25:58.408000000,222.56219744412792,225.6102834535696,237.69728648009425,22700.0,777.3401871576773,2.1182953843906853,ch0,0,0,0,1.4639161209529536,-1.312883,356.93173,8467.608,252.53406,0.004402068,0.27160865
1432971_25ch0,220725,1432971,1432981,19:25:59.812000000,19:25:59.812000000,127.63407352606109,120.41594578792296,128.06248474865697,5000.0,331.7766952966369,1.751910379217648,ch0,0,0,0,1.8903414259580515,-1.307177,356.803,8468.872,252.45473,0.039673213,0.15597373
1432971_25ch0,220725,1432971,1433004,19:25:59.812000000,19:25:59.812000000,327.1091881387053,347.85054261852173,360.5551275463989,52000.0,1586.101730552664,3.849894869999494,ch0,0,0,0,1.3177159629341832,-1.307177,356.803,8468.872,252.45473,0.039673213,0.15597373
1508385_25ch0,220725,1508385,1508391,19:26:04.757000000,19:26:04.757000000,102.23693195395909,100.0,108.16653826391968,4700.0,288.6396103067893,1.410600836605822,ch0,0,0,0,1.4140417951888316,-1.6744783,356.5085,8473.882,252.48274,0.006362873,0.19033603
1508385_25ch0,220725,1508385,1508410,19:26:04.757000000,19:26:04.757000000,233.7392240350192,257.0992026436488,266.8332812825267,25900.0,782.193000900063,1.879828471229157,ch0,0,0,0,1.5279943045289108,-1.6744783,356.5085,8473.882,252.48274,0.006362873,0.19033603
1519485_25ch0,220725,1519485,1519497,19:29:43.360000000,19:29:43.360000000,151.9452850637237,126.49110640673518,143.17821063276352,6400.0,399.350288425444,1.982979236801924,ch0,0,0,0,1.9485611656797983,-1.5740112,364.7313,8303.642,254.70657,0.0010405715,0.00043484304
1519485_25ch0,220725,1519485,1519534,19:29:43.360000000,19:29:43.360000000,495.1097982810738,572.8001396647874,594.6427498927402,121800.0,2802.14249456123,5.13006987096263,ch0,0,0,0,1.2637205576694517,-1.5740112,364.7313,8303.642,254.70657,0.0010405715,0.00043484304
1544265_25ch0,220725,1544265,1544293,19:29:49.164000000,19:29:49.164000000,477.7681852959272,463.2493928760188,475.3945729601885,93900.0,1775.746391493337,2.672307467911115,ch0,18,0,0,1.751892978037778,-3.173007,365.04535,8296.081,254.38737,0.017904783,0.22520372
1544265_25ch0,220725,1544265,1544272,19:29:49.164000000,19:29:49.164000000,193.50507020224225,152.31546211727817,165.52945357246847,4200.0,286.5685424949238,1.5559580192592877,ch0,0,0,0,3.9286157928871,-3.173007,365.04535,8296.081,254.38737,0.017904783,0.22520372
1576831_25ch0,220725,1576831,1576841,19:29:50.817000000,19:29:50.817000000,104.20537534884302,100.4987562112089,110.4536101718726,3000.0,216.56854249492383,1.2441124287915548,ch0,0,0,0,2.364023357697948,-2.4709218,365.1576,8295.733,254.18683,0.008205369,0.11260403
1576831_25ch0,220725,1576831,1576846,19:29:50.817000000,19:29:50.817000000,243.9564777954024,237.69728648009425,247.3863375370596,24500.0,877.3401871576775,2.500115643515934,ch0,0,0,0,1.6662496348007343,-2.4709218,365.1576,8295.733,254.18683,0.008205369,0.11260403
1647129_25ch0,220725,1647129,1647141,19:29:54.670000000,19:29:54.670000000,293.5703098169983,284.42925306655786,296.141857899217,27200.0,753.5533905932738,1.6613046799456888,ch0,0,0,0,2.393980732838706,-0.8986444,364.96402,8298.867,253.95163,0.011912326,0.34333417
1647129_25ch0,220725,1647129,1647140,19:29:54.670000000,19:29:54.670000000,139.24989648399236,111.80339887498948,123.6931687685298,4200.0,324.8528137423857,1.9994664034149976,ch0,0,0,0,1.976576604294653,-0.8986444,364.96402,8298.867,253.95163,0.011912326,0.34333417
1682658_25ch0,220725,1682658,1682668,19:29:56.917000000,19:29:56.917000000,150.56563680735368,116.619037896906,130.384048104053,2300.0,232.07106781186548,1.8633923193522104,ch0,0,0,0,3.3085277957584527,-0.7459724,364.756,8303.15,253.99191,0.0,0.19315445
1682658_25ch0,220725,1682658,1682667,19:29:56.917000000,19:29:56.917000000,175.9059039020375,152.97058540778357,170.8800749063506,10500.0,606.2741699796952,2.7857296609500355,ch0,0,0,0,1.9416102350201767,-0.7459724,364.756,8303.15,253.99191,0.0,0.19315445
1785278_25ch0,220725,1785278,1785288,19:30:02.361000000,19:30:02.361000000,134.1847097555453,116.619037896906,125.29964086141668,3400.0,260.3553390593274,1.5865150458946955,ch0,0,0,0,3.018268374016968,-1.1928675,364.22473,8315.414,253.81519,0.040982574,0.26071292
1785278_25ch0,220725,1785278,1785293,19:30:02.361000000,19:30:02.361000000,232.125356755026,225.6102834535696,235.3720459187964,22200.0,1030.477272147525,3.806396248561618,ch0,0,0,0,1.4470126876747664,-1.1928675,364.22473,8315.414,253.81519,0.040982574,0.26071292
1846234_25ch0,220725,1846234,1846257,19:30:07.213000000,19:30:07.213000000,437.1817412969604,425.7933771208753,439.317652729776,70700.0,2033.025612106915,4.652179058714151,ch0,0,0,0,1.7875114158186425,-1.3555856,364.08673,8319.601,254.10876,0.0,0.2651165
1846234_25ch0,220725,1846234,1846252,19:30:07.213000000,19:30:07.213000000,176.42259152853515,181.10770276274835,191.049731745428,7700.0,509.7056274847714,2.684962768316536,ch0,0,0,0,2.2056228849087764,-1.3555856,364.08673,8319.601,254.10876,0.0,0.2651165
1889207_25ch0,220725,1889207,1889221,19:30:20.707000000,19:30:20.707000000,261.50785116125377,236.00847442411893,244.13111231467408,7500.0,530.416305603426,2.9851255745341736,ch0,0,0,0,5.0511052897004936,-1.4729644,364.78073,8302.92,254.1681,0.0,0.0046247654
1889207_25ch0,220725,1889207,1889234,19:30:20.707000000,19:30:20.707000000,338.7693594036473,338.3784863137726,349.2849839314596,49700.0,1355.035713374682,2.9399180897907704,ch0,0,0,0,1.591974525711732,-1.4729644,364.78073,8302.92,254.1681,0.0,0.0046247654
1900144_25ch0,220725,1900144,1900150,19:33:52.114000000,19:33:52.114000000,187.2515806469897,180.0,191.049731745428,8300.0,454.8528137423857,1.983598699330481,ch0,0,0,0,2.553512741776446,-1.1174761,372.63715,8143.963,255.55489,0.00415618,0.0035698912
1900144_25ch0,220725,1900144,1900159,19:33:52.114000000,19:33:52.114000000,194.20327271601937,196.468827043885,208.80613017821105,22400.0,604.558441227157,1.298430464287072,ch0,0,0,0,1.284254095172808,-1.1174761,372.63715,8143.963,255.55489,0.00415618,0.0035698912
2038653_25ch0,220725,2038653,2038659,19:34:00.319000000,19:34:00.319000000,101.83487121904447,100.0,108.16653826391968,5000.0,250.7106781186548,1.0003818294343862,ch0,0,0,0,1.6138549058123102,-0.84103525,372.9275,8140.524,254.88393,0.0,0.41344368
2038653_25ch0,220725,2038653,2038671,19:34:00.319000000,19:34:00.319000000,262.98812883852173,257.0992026436488,266.8332812825267,27100.0,895.9797974644666,2.357313154626946,ch0,0,0,0,1.6265758336097609,-0.84103525,372.9275,8140.524,254.88393,0.0,0.41344368
2090872_25ch0,220725,2090872,2090881,19:34:02.659000000,19:34:02.659000000,115.81539432222672,102.95630140987,116.619037896906,4200.0,253.1370849898476,1.2140942293639525,ch0,0,0,0,2.4776646208267787,0.19749708,373.1499,8139.013,254.77261,0.0024028996,0.37071663
2090872_25ch0,220725,2090872,2090885,19:34:02.659000000,19:34:02.659000000,176.26503120109373,167.63054614240212,183.8477631085024,16300.0,676.98484809835,2.237486526927712,ch0,0,0,0,1.2678239665475046,0.19749708,373.1499,8139.013,254.77261,0.0024028996,0.37071663
2161634_25ch0,220725,2161634,2161664,19:34:06.715000000,19:34:06.715000000,603.7551038419109,606.3827174318213,618.4658438426491,118700.0,2250.660171779821,3.3959342121985,ch0,0,0,0,2.1877804475097964,-0.9089578,372.94913,8138.142,254.78601,0.010966095,0.38311905
2161634_25ch0,220725,2161634,2161642,19:34:06.715000000,19:34:06.715000000,108.85405591152042,100.0,108.16653826391968,3100.0,224.85281374238568,1.2978517746326836,ch0,0,0,0,2.528627712117548,-0.9089578,372.94913,8138.142,254.78601,0.010966095,0.38311905
2200593_25ch0,220725,2200593,2200605,19:34:08.369000000,19:34:08.369000000,267.3446149550732,262.48809496813374,275.13632984395207,23700.0,1027.6955262170047,3.546261211880455,ch0,6,0,0,1.7427049534011527,-1.179303,372.88733,8138.9106,254.5704,0.00048605364,0.3034746
2200593_25ch0,220725,2200593,2200604,19:34:08.369000000,19:34:08.369000000,114.0568220144496,110.4536101718726,120.41594578792296,2700.0,218.2842712474619,1.4043367408869336,ch0,0,0,0,2.496789919570192,-1.179303,372.88733,8138.9106,254.5704,0.00048605364,0.3034746
2327398_25ch0,220725,2327398,2327416,19:37:49.281000000,19:37:49.281000000,216.7327878777466,184.39088914585773,194.164878389476,5500.0,405.208152801713,2.375657323615457,ch0,0,0,0,3.0617698206793205,-0.3829311,380.9097,7979.306,256.33566,0.012776672,0.2976867
2327398_25ch0,220725,2327398,2327420,19:37:49.281000000,19:37:49.281000000,255.9741987607235,266.27053911388697,277.8488797889961,40600.0,812.842712474619,1.2950219669728038,ch0,0,20,0,1.2059288186890345,-0.3829311,380.9097,7979.306,256.33566,0.012776672,0.2976867
2369626_25ch0,220725,2369626,2369643,19:37:51.371000000,19:37:51.418000000,418.8665975061506,412.31056256176606,422.0189569201838,47000.0,1516.75144212722,3.895122415001994,ch0,10,0,0,2.598461937202556,0.025924658,381.10223,7976.617,256.02206,0.0025162047,0.38056397
2369626_25ch0,220725,2369626,2369641,19:37:51.371000000,19:37:51.418000000,189.5038656232956,155.24174696260025,167.63054614240212,8400.0,493.8477631085024,2.3104524332263625,ch0,0,0,0,1.846830759405452,0.025924658,381.10223,7976.617,256.02206,0.0025162047,0.38056397
139555_27ch0,220727,139555,139561,18:26:51.062000000,18:26:51.093000000,112.28156280725752,111.80339887498948,120.83045973594572,4300.0,271.4213562373095,1.3633573785014104,ch0,2,0,0,1.8752821733545373,-6.1277795,416.1023,7307.7627,256.9017,1.3028923,0.0
139555_27ch0,220727,139555,139579,18:26:51.062000000,18:26:51.093000000,329.44015065964606,344.81879299133334,358.4689665786984,50900.0,1099.1168824543142,1.888687521764172,ch0,0,0,0,1.55473876564269,-6.1277795,416.1023,7307.7627,256.9017,1.3028923,0.0
470029_30ch0,220730,470029,470045,17:15:19.633000000,17:15:19.633000000,178.70923132569413,161.55494421403512,174.6424919657298,13300.0,668.7005768508881,2.6754811202972983,ch0,0,0,0,1.361879466760942,2.5947275,461.85126,6520.46,261.59784,0.37341785,0.3449258
470029_30ch0,220730,470029,470037,17:15:19.633000000,17:15:19.633000000,112.18409856168768,100.0,108.16653826391968,2400.0,216.56854249492383,1.5551405359894432,ch0,0,0,0,2.6174753781582907,2.5947275,461.85126,6520.46,261.59784,0.37341785,0.3449258
615928_30ch0,220730,615928,615964,17:15:27.262000000,17:15:27.262000000,323.9129419450348,364.9657518178932,376.56340767525467,30400.0,1091.126983722081,3.116500095307308,ch0,36,0,0,2.029298494030138,-0.7353861,462.56702,6509.4463,261.89328,0.083588794,0.4641353
615928_30ch0,220730,615928,615933,17:15:27.262000000,17:15:27.262000000,124.48201014152174,104.40306508910552,114.0175425099138,4000.0,268.6396103067893,1.4357216264042163,ch0,0,0,0,2.35744929746838,-0.7353861,462.56702,6509.4463,261.89328,0.083588794,0.4641353
83694_01ch0,220801,83694,83825,18:39:30.477000000,18:39:31.678000000,1217.71678306039,1343.9121995130486,1353.6617007214172,170800.0,3135.269119345812,4.579857016080815,ch0,132,0,0,5.12652344614532,-19.729218,487.25003,6117.0405,266.17593,0.00015674939,5.400157e-06
83694_01ch0,220801,83694,83715,18:39:30.477000000,18:39:31.678000000,237.4149190888164,215.870331449229,225.6102834535696,7100.0,504.4974746830583,2.85265847687153,ch0,0,0,0,5.14131980943527,-19.729218,487.25003,6117.0405,266.17593,0.00015674939,5.400157e-06
83694_01ch0,220801,83694,83711,18:39:30.477000000,18:39:31.678000000,178.67358438836044,174.6424919657298,184.39088914585773,8300.0,384.4974746830583,1.4174215362972369,ch0,0,0,0,2.7075473042840748,-19.729218,487.25003,6117.0405,266.17593,0.00015674939,5.400157e-06
311709_01ch0,220801,311709,311721,19:36:35.244000000,19:36:35.244000000,151.20730828822118,123.6931687685298,139.2838827718412,4500.0,298.99494936611666,1.5809033754529036,ch0,0,0,0,3.311232990550315,-6.450052,481.97186,6200.898,266.4915,0.05538163,0.013245979
311709_01ch0,220801,311709,311724,19:36:35.244000000,19:36:35.244000000,202.80718758916504,210.95023109728987,219.5449840010015,19500.0,708.3452377915607,2.047601700663313,ch0,0,0,0,1.2499369611825346,-6.450052,481.97186,6200.898,266.4915,0.05538163,0.013245979
323242_01ch0,220801,323242,323253,19:39:18.998000000,19:39:18.998000000,137.3074531891581,111.80339887498948,123.6931687685298,4200.0,274.1421356237309,1.4239424229327071,ch0,0,0,0,3.414159728370488,-3.7289248,484.50436,6170.448,266.40186,0.1786465,0.16842365
323242_01ch0,220801,323242,323257,19:39:18.998000000,19:39:18.998000000,212.736131588374,218.4032966784156,228.0350850198276,23100.0,771.8376618407356,2.052249168674183,ch0,0,0,0,1.3788634933172743,-3.7289248,484.50436,6170.448,266.40186,0.1786465,0.16842365
284059_02ch0,220802,284059,284069,19:19:07.443000000,19:19:07.443000000,116.70102883551571,111.80339887498948,120.83045973594572,3400.0,251.06601717798213,1.475322905499292,ch0,0,0,0,2.87653782926865,1.5410974,497.68182,5953.9053,266.86133,0.0,0.2388405
284059_02ch0,220802,284059,284075,19:19:07.443000000,19:19:07.443000000,237.7648226042196,234.0939982143925,250.79872407968907,28800.0,996.98484809835,2.746469398147243,ch0,0,0,0,1.297800829931211,1.5410974,497.68182,5953.9053,266.86133,0.0,0.2388405
745_07ch0,220807,745,753,16:06:46.872000000,16:06:47.870000000,458.8519984845942,496.4876634922564,506.35955604688655,18800.0,998.9949493661164,4.224340061321399,ch0,7,0,0,5.898982123009252,-0.17827289,544.39636,5227.8877,270.67935,,
31017_07ch0,220807,31017,31046,16:08:12.875000000,16:08:13.873000000,343.82234509040046,363.45563690772497,374.8332962798263,71600.0,1163.9696961967,1.505776312691223,ch0,0,0,0,1.2608418216975747,0.21551466,513.46606,5690.9062,268.32007,0.0007285712,0.00010459851
31047_07ch0,220807,31047,31053,16:08:13.873000000,16:08:14.872000000,137.93783162576122,111.80339887498948,125.29964086141668,3900.0,285.208152801713,1.659775694923903,ch0,0,0,0,3.1246155011129315,0.18785973,513.1108,5696.341,268.29056,0.0010215885,0.002099685
206257_07ch0,220807,206257,206267,17:30:39.223000000,17:30:39.239000000,121.98981444069824,107.70329614269008,117.04699910719626,3800.0,250.3553390593273,1.3125632924947308,ch0,0,0,0,2.7956377138032584,-8.018073,389.3935,7824.7656,254.59317,0.2718341,0.27939293
206257_07ch0,220807,206257,206274,17:30:39.223000000,17:30:39.239000000,235.50445643372424,246.98178070456936,256.3201123595259,22000.0,913.2590180780452,3.0168616471266687,ch0,0,0,0,1.4553242509971465,-8.018073,389.3935,7824.7656,254.59317,0.2718341,0.27939293
385927_07ch0,220807,385927,385937,17:39:42.818000000,17:39:42.818000000,143.9240580718365,128.06248474865697,136.01470508735443,4100.0,305.208152801713,1.8080004744857625,ch0,0,0,0,3.410324555479056,-6.358562,463.57626,6490.764,261.7204,0.016629945,0.23888847
385927_07ch0,220807,385927,385944,17:39:42.818000000,17:39:42.818000000,247.9436918983582,256.3201123595259,265.70660511172844,28300.0,1030.1219330881977,2.983877356450622,ch0,0,0,0,1.3369621047483498,-6.358562,463.57626,6490.764,261.7204,0.016629945,0.23888847
745_07ch0,220807,745,756,19:03:02.547000000,19:04:46.001000000,141.89477249475485,120.83045973594572,134.1640786499874,5600.0,310.7106781186548,1.3718747620085077,ch0,0,0,0,2.624983563629702,1.4214865,597.9019,4489.8813,275.05023,0.004382281,0.00010565689
31017_07ch0,220807,31017,31030,19:19:30.113000000,19:19:42.109000000,137.88193658277146,139.2838827718412,148.66068747318505,5800.0,304.8528137423857,1.275095045047093,ch0,0,0,0,2.513988284650616,-1.765876,428.9892,7081.1523,260.85394,0.0003252909,1.3242367e-05
31047_07ch0,220807,31047,31131,19:20:13.106000000,19:20:13.106000000,764.4230315755964,842.9116205154606,852.8774824088158,111300.0,2586.3351365237936,4.782605638390238,ch0,35,0,0,3.611971340460909,-6.717373,414.72858,7335.0337,259.47507,0.0,6.79585e-05
264735_08ch0,220808,264735,264749,18:15:45.979000000,18:15:45.979000000,173.7727361776681,145.60219778561037,158.11388300841895,4900.0,350.3553390593274,1.993478408370081,ch0,0,0,0,3.515931341348033,0.42438525,468.44034,6409.047,263.04486,0.074349575,0.49195683
264735_08ch0,220808,264735,264753,18:15:45.979000000,18:15:45.979000000,256.0787531456773,250.79872407968907,262.48809496813374,32600.0,951.8376618407358,2.21155785646694,ch0,0,0,0,1.3540676118398742,0.42438525,468.44034,6409.047,263.04486,0.074349575,0.49195683
153954_19ch1,220719,153954,153982,18:53:37.519000000,18:53:37.519000000,498.1932440628828,521.536192416212,530.0,58800.0,1572.3149339882605,3.345737689909968,ch1,0,0,0,2.81078814835858,1.5835115,398.98138,7685.955,257.16913,0.020427119,0.0692924
153954_19ch1,220719,153954,153961,18:53:37.519000000,18:53:37.519000000,121.36238311332988,104.40306508910552,117.04699910719626,5700.0,341.4213562373095,1.6274087497442793,ch1,0,0,0,1.611616963878762,1.5835115,398.98138,7685.955,257.16913,0.020427119,0.0692924
290352_19ch1,220719,290352,290380,18:56:52.769000000,18:56:52.769000000,284.1835666133811,308.86890422961005,317.6476034853718,51700.0,1264.9747468305832,2.4629937177840344,ch1,0,0,0,1.1071359517852244,-4.985722,389.18448,7879.0195,255.54483,0.28011084,0.35445017
290352_19ch1,220719,290352,290362,18:56:52.769000000,18:56:52.769000000,139.79605500902187,108.16653826391968,130.384048104053,3800.0,256.5685424949238,1.3785208955524084,ch1,0,0,0,2.723121391017995,-4.985722,389.18448,7879.0195,255.54483,0.28011084,0.35445017
728867_19ch1,220719,728867,728874,19:10:57.740000000,19:10:57.740000000,148.0619249144649,125.29964086141668,138.92443989449805,4000.0,278.6396103067893,1.5445993679193797,ch1,0,0,0,3.49308914675001,1.1278749,452.72675,6716.0493,261.79123,0.052087083,0.3445495
728867_19ch1,220719,728867,728884,19:10:57.740000000,19:10:57.740000000,193.3164603789112,191.049731745428,200.0,18800.0,1004.619407771256,4.272041022598319,ch1,0,0,0,1.203196916446136,1.1278749,452.72675,6716.0493,261.79123,0.052087083,0.3445495
1569592_19ch1,220719,1569592,1569601,19:20:21.540000000,19:20:21.540000000,152.98057730091423,114.0175425099138,134.53624047073708,4300.0,328.9949493661166,2.003088520572853,ch1,0,0,0,2.7723296055199813,-0.3792111,472.09122,6392.6685,264.62817,0.003646298,0.15636903
1569592_19ch1,220719,1569592,1569604,19:20:21.540000000,19:20:21.540000000,143.40842800321127,126.49110640673518,143.17821063276352,4400.0,346.5685424949238,2.1722796779129183,ch1,0,0,0,2.560997220269087,-0.3792111,472.09122,6392.6685,264.62817,0.003646298,0.15636903
2280411_19ch1,220719,2280411,2280426,19:29:32.591000000,19:29:32.591000000,262.951775634423,260.768096208106,270.7397274136177,24400.0,863.2590180780451,2.4304268673415166,ch1,0,0,0,1.822310029790078,-1.4624221,514.8719,5712.527,269.1051,0.013842151,0.09068976
2280411_19ch1,220719,2280411,2280422,19:29:32.591000000,19:29:32.591000000,137.72730248781346,117.04699910719626,126.49110640673518,3900.0,281.4213562373095,1.6159935845562563,ch1,0,0,0,2.8657000135184685,-1.4624221,514.8719,5712.527,269.1051,0.013842151,0.09068976
266793_20ch1,220720,266793,266813,18:36:25.176000000,18:36:25.176000000,252.6052737346647,264.76404589747455,274.5906043549196,32800.0,1062.903679018718,2.7409689309697645,ch1,0,0,0,1.2779897215399505,0.76854104,393.6113,7780.3345,255.73953,0.87289274,0.25470483
266793_20ch1,220720,266793,266801,18:36:25.176000000,18:36:25.176000000,113.31960253781348,100.0,108.16653826391968,2800.0,218.63961030678928,1.3585943178397983,ch1,0,0,0,2.7211859554182136,0.76854104,393.6113,7780.3345,255.73953,0.87289274,0.25470483
429550_20ch1,220720,429550,429562,18:41:03.402000000,18:41:03.402000000,185.6301068599751,174.6424919657298,186.81541692269408,12700.0,542.842712474619,1.846436764584587,ch1,0,0,0,1.971559265213816,-1.7316608,352.3138,8607.017,251.17976,0.018588966,0.06915232
429550_20ch1,220720,429550,429574,18:41:03.402000000,18:41:03.402000000,393.8399944291559,389.48684188300894,398.2461550347976,60200.0,1301.8986283848346,2.240515659352295,ch1,0,13,0,1.7645132396984675,-1.7316608,352.3138,8607.017,251.17976,0.018588966,0.06915232
509240_20ch1,220720,509240,509249,18:41:05.680000000,18:41:05.680000000,139.4043597050449,120.41594578792296,128.06248474865697,5200.0,321.06601717798213,1.577522178194553,ch1,0,0,0,2.353132177863813,-1.2970389,352.4147,8603.717,250.6569,0.04190348,0.4239956
509240_20ch1,220720,509240,509252,18:41:05.680000000,18:41:05.680000000,152.11019444358757,130.384048104053,152.64337522473747,5800.0,367.6345596729059,1.854363215941329,ch1,0,0,0,1.845292368100136,-1.2970389,352.4147,8603.717,250.6569,0.04190348,0.4239956
1087719_20ch1,220720,1087719,1087726,18:41:17.708000000,18:41:17.708000000,160.47548009775966,139.2838827718412,148.66068747318505,4600.0,341.4213562373095,2.01657171163965,ch1,0,0,0,2.778526054053165,-0.17811881,352.7998,8596.436,250.37033,0.011066914,0.26025584
1087719_20ch1,220720,1087719,1087733,18:41:17.708000000,18:41:17.708000000,209.89994023826827,211.8962010041709,221.3594362117865,23000.0,704.5584412271571,1.7174984150614443,ch1,0,0,0,1.4260572682055586,-0.17811881,352.7998,8596.436,250.37033,0.011066914,0.26025584
1157583_20ch1,220720,1157583,1157612,18:41:19.158000000,18:41:19.158000000,297.1135727674532,298.328677803526,316.2277660168379,27800.0,965.6244584051392,2.6690816228755536,ch1,24,0,0,2.031087424871369,-0.7093752,352.70816,8597.584,250.48871,0.08600627,0.19406489
1157583_20ch1,220720,1157583,1157591,18:41:19.158000000,18:41:19.158000000,128.11920003092888,120.83045973594572,130.0,5200.0,323.1370849898476,1.5979397420815895,ch1,0,0,0,1.8509025744967524,-0.7093752,352.70816,8597.584,250.48871,0.08600627,0.19406489
1364814_20ch1,220720,1364814,1364896,18:45:31.723000000,18:45:31.723000000,908.8567693936216,834.8652585896721,847.7027781009097,184200.0,3325.573952066306,4.777863408660442,ch1,0,54,0,2.8167569658898355,-2.1839988,326.45892,9162.154,246.3124,0.0033942307,0.093614236
1364814_20ch1,220720,1364814,1364826,18:45:31.723000000,18:45:31.723000000,140.696767961411,123.6931687685298,136.01470508735443,3500.0,290.3553390593274,1.9168217301665915,ch1,0,0,0,2.922902342360292,-2.1839988,326.45892,9162.154,246.3124,0.0033942307,0.093614236
1376979_20ch1,220720,1376979,1377008,18:45:32.160000000,18:45:32.160000000,571.8110470687845,570.701322935211,580.5170109479997,81200.0,1785.0966799187809,3.12289650210028,ch1,0,0,0,2.929491757920087,-2.1839988,326.45892,9162.154,246.3124,0.015341519,0.07856636
1376979_20ch1,220720,1376979,1376987,18:45:32.160000000,18:45:32.160000000,121.28038747191025,113.1370849898476,120.41594578792296,3600.0,248.99494936611663,1.3704674057906985,ch1,0,0,0,2.788016442122134,-2.1839988,326.45892,9162.154,246.3124,0.015341519,0.07856636
1541107_20ch1,220720,1541107,1541119,18:45:43.594000000,18:45:43.594000000,170.97184138085825,130.0,152.64337522473747,4400.0,325.208152801713,1.912759240412906,ch1,0,0,0,4.027033993741227,0.9949315,325.99664,9172.365,246.1518,0.030312363,0.044273183
1541107_20ch1,220720,1541107,1541120,18:45:43.594000000,18:45:43.594000000,263.15213029172435,250.0,265.70660511172844,25200.0,692.4873734152916,1.5143048498118743,ch1,0,0,0,2.0583202784014616,0.9949315,325.99664,9172.365,246.1518,0.030312363,0.044273183
1766183_20ch1,220720,1766183,1766205,19:03:29.981000000,19:03:29.981000000,241.0174287302739,264.0075756488817,274.5906043549196,28900.0,873.9087296526011,2.102928217390437,ch1,0,0,0,1.2293804744941303,-0.24970482,407.12473,7528.4165,257.7169,0.00214419,0.2661752
1766183_20ch1,220720,1766183,1766194,19:03:29.981000000,19:03:29.981000000,119.86925858315232,111.80339887498948,121.65525060596438,4300.0,303.1370849898476,1.7005907813939172,ch1,0,0,0,2.194726645595454,-0.24970482,407.12473,7528.4165,257.7169,0.00214419,0.2661752
1891378_20ch1,220720,1891378,1891403,19:03:39.326000000,19:03:39.326000000,542.3645558202178,536.0037313302959,549.1812087098392,85100.0,2429.2997820866103,5.518522255152363,ch1,0,0,0,2.2392059031601894,0.058571417,406.57687,7538.1567,257.81723,0.0025700845,0.10562878
1891378_20ch1,220720,1891378,1891381,19:03:39.326000000,19:03:39.326000000,147.59190164964787,141.4213562373095,152.97058540778357,3900.0,300.7106781186548,1.84511410550309,ch1,0,0,0,3.5488846049486766,0.058571417,406.57687,7538.1567,257.81723,0.0025700845,0.10562878
1955102_20ch1,220720,1955102,1955145,19:03:56.220000000,19:03:56.220000000,481.2030439060742,517.3973328110612,524.9761899362675,80500.0,2514.507934888324,6.250291559268548,ch1,0,10,0,1.905586497326952,-0.06096232,407.24106,7524.3555,257.91318,0.0006354597,0.1108676
1955102_20ch1,220720,1955102,1955116,19:03:56.220000000,19:03:56.220000000,195.6663194777657,166.43316977093238,180.27756377319943,4600.0,371.4213562373095,2.3865253246962927,ch1,0,4,0,4.004330351408728,-0.06096232,407.24106,7524.3555,257.91318,0.0006354597,0.1108676
2069528_20ch1,220720,2069528,2069550,19:33:32.502000000,19:33:32.502000000,257.30384105921,287.9236009777593,297.3213749463701,37700.0,990.8326112068524,2.072284458247603,ch1,0,0,0,1.272274715760806,-0.7156885,341.59354,8836.83,249.29927,0.032835923,0.41680473
2069528_20ch1,220720,2069528,2069537,19:33:32.502000000,19:33:32.502000000,128.08926286924495,120.41594578792296,134.53624047073708,7200.0,331.06601717798213,1.2113979875962924,ch1,0,0,0,1.6890653396385988,-0.7156885,341.59354,8836.83,249.29927,0.032835923,0.41680473
2258301_20ch1,220720,2258301,2258316,19:33:34.935000000,19:33:34.935000000,159.66308403199582,162.78820596099706,170.29386365926402,11200.0,501.7766952966369,1.788928928912696,ch1,16,0,0,1.3946341400335522,-2.3201106,341.6687,8838.904,249.03835,0.054291293,0.7126988
2258301_20ch1,220720,2258301,2258336,19:33:34.935000000,19:33:34.935000000,485.3520374233165,460.6517122512408,470.1063709417264,57600.0,1695.035713374682,3.9694045069824337,ch1,0,0,0,2.5866523106827257,-2.3201106,341.6687,8838.904,249.03835,0.054291293,0.7126988
2267151_20ch1,220720,2267151,2267159,19:33:35.045000000,19:33:35.045000000,158.19372619789578,143.17821063276352,161.24515496597098,7700.0,437.634559672906,1.9793501665804845,ch1,0,0,0,2.277524623527221,-2.3201106,341.6687,8838.904,249.03835,0.022453256,0.7203989
2267151_20ch1,220720,2267151,2267170,19:33:35.045000000,19:33:35.045000000,277.12074861247385,287.9236009777593,297.3213749463701,35600.0,846.6904755831215,1.602468446782796,ch1,0,0,0,1.6166575259614104,-2.3201106,341.6687,8838.904,249.03835,0.022453256,0.7203989
2526440_20ch1,220720,2526440,2526458,19:47:24.030000000,19:47:24.280000000,216.46504676435072,194.164878389476,206.15528128088303,19600.0,910.1219330881976,3.363049237816857,ch1,0,0,0,1.176216882688488,-3.8704503,439.136,6959.9697,261.09195,0.13148855,0.008531911
2526440_20ch1,220720,2526440,2526450,19:47:24.030000000,19:47:24.280000000,127.22846337303828,122.06555615733704,130.384048104053,3600.0,261.06601717798213,1.506566556281915,ch1,0,0,0,3.0086591425742126,-3.8704503,439.136,6959.9697,261.09195,0.13148855,0.008531911
106180_23ch1,220723,106180,106192,18:55:42.526000000,18:55:42.526000000,151.49579031701066,130.0,147.648230602334,5400.0,335.56349186104046,1.659379750829317,ch1,0,0,0,2.7754950508401754,11.009672,476.98108,6282.9165,266.16388,0.029490504,0.35676444
106180_23ch1,220723,106180,106231,18:55:42.526000000,18:55:42.526000000,558.0280732799845,563.5601121442148,572.7128425310541,110400.0,2686.579002700189,5.202598302085679,ch1,0,0,0,1.6443975759118663,11.009672,476.98108,6282.9165,266.16388,0.029490504,0.35676444
554450_23ch1,220723,554450,554459,19:00:35.682000000,19:00:35.682000000,121.00380209837957,102.95630140987,116.619037896906,3700.0,247.27922061357856,1.3151147791703202,ch1,0,0,0,2.997838668846757,15.499837,486.3046,6135.983,266.41937,0.0,0.53736883
554450_23ch1,220723,554450,554464,19:00:35.682000000,19:00:35.682000000,226.2550040937478,225.6102834535696,235.3720459187964,23600.0,899.4112549695427,2.7276884754992,ch1,0,0,0,1.4938717435005184,15.499837,486.3046,6135.983,266.41937,0.0,0.53736883
716963_23ch1,220723,716963,717023,19:00:51.028000000,19:00:51.028000000,667.8806646167916,780.3204469959762,788.9233169326408,263400.0,3302.853172679884,3.295739679234735,ch1,0,0,0,1.2274460048542526,14.895724,486.03683,6139.6816,267.04593,0.03411621,0.1360884
716963_23ch1,220723,716963,716976,19:00:51.028000000,19:00:51.028000000,160.7410141044772,152.64337522473747,161.24515496597098,7800.0,476.62950903902254,2.3177008869639453,ch1,0,0,0,1.823271623016575,14.895724,486.03683,6139.6816,267.04593,0.03411621,0.1360884
726339_23ch1,220723,726339,726412,19:00:54.522000000,19:00:54.522000000,695.0924445823755,818.8406438373709,827.6472678623425,310900.0,3576.2846301849604,3.273659958503861,ch1,0,62,0,1.0898584282021897,15.22291,485.58163,6145.636,267.40692,0.08263799,0.043076318
726339_23ch1,220723,726339,726350,19:00:54.522000000,19:00:54.522000000,133.48847102220836,111.80339887498948,126.49110640673518,3300.0,254.4974746830583,1.5618637694281303,ch1,0,0,0,2.491464770983881,15.22291,485.58163,6145.636,267.40692,0.08263799,0.043076318
1660610_23ch1,220723,1660610,1660625,19:16:45.292000000,19:16:45.292000000,215.80475565550347,228.2542442102665,237.065391822594,18400.0,799.4112549695427,2.7638395666930333,ch1,0,0,0,1.3576585577467106,0.15330103,525.6746,5526.069,270.01257,0.0,0.69304895
1660610_23ch1,220723,1660610,1660620,19:16:45.292000000,19:16:45.292000000,105.99606659083663,100.4987562112089,110.4536101718726,3100.0,236.9238815542512,1.4409407399232224,ch1,0,0,0,2.2943942570106675,0.15330103,525.6746,5526.069,270.01257,0.0,0.69304895
645995_25ch1,220725,645995,646055,19:18:56.412000000,19:18:56.412000000,647.1680557946178,756.9015788066504,769.2203845452875,231900.0,5308.36615820209,9.669658375819628,ch1,0,15,0,1.1696312733308514,-2.1590042,396.1568,7685.4946,256.8944,0.025583152,0.45758408
645995_25ch1,220725,645995,646007,19:18:56.412000000,19:18:56.412000000,133.64922278663147,123.6931687685298,136.01470508735443,8000.0,431.7766952966369,1.8544645896828813,ch1,0,7,0,1.3548122181683568,-2.1590042,396.1568,7685.4946,256.8944,0.025583152,0.45758408
696942_25ch1,220725,696942,696987,19:18:59.111000000,19:18:59.111000000,686.14464467682,703.8465741907111,716.9379331573969,170800.0,3493.208511739212,5.685272544773159,ch1,32,0,0,1.7690934900107982,-3.0445268,396.39777,7678.5537,257.03473,0.0,0.32373455
696942_25ch1,220725,696942,696953,19:18:59.111000000,19:18:59.111000000,130.2530363777263,122.06555615733704,134.1640786499874,4600.0,333.1370849898476,1.919898489065927,ch1,0,0,0,1.8632884150975384,-3.0445268,396.39777,7678.5537,257.03473,0.0,0.32373455
851407_25ch1,220725,851407,851415,19:20:55.955000000,19:20:55.955000000,122.0377796767736,113.1370849898476,120.41594578792296,3500.0,253.1370849898476,1.4569130752367432,ch1,0,0,0,2.992426978842576,-1.619679,395.299,7699.112,257.88318,0.047496207,0.09610572
851407_25ch1,220725,851407,851430,19:20:55.955000000,19:20:55.955000000,367.2441555478589,372.155881318568,383.275357934736,51200.0,1326.396103067893,2.734428988688084,ch1,0,0,0,1.809010277803622,-1.619679,395.299,7699.112,257.88318,0.047496207,0.09610572
912544_25ch1,220725,912544,912573,19:21:04.160000000,19:21:04.254000000,522.6848462914098,518.6520991955977,534.8831648126533,67400.0,1812.3759005323595,3.878169591501331,ch1,0,0,0,2.809267596095373,-1.7903138,395.7305,7693.052,257.8914,0.0020301377,0.09929566
912544_25ch1,220725,912544,912557,19:21:04.160000000,19:21:04.254000000,143.23213262230908,131.52946437965906,141.4213562373095,6200.0,349.70562748477136,1.569653123525866,ch1,0,0,0,2.092975391195344,-1.7903138,395.7305,7693.052,257.8914,0.0020301377,0.09929566
923919_25ch1,220725,923919,923934,19:21:05.705000000,19:21:05.705000000,344.1473873995317,327.56678708318395,337.34255586866,38500.0,1107.695526217005,2.536122399447529,ch1,0,0,0,2.121584543438151,-2.5861084,395.91483,7687.791,257.8827,0.011929843,0.10219832
923919_25ch1,220725,923919,923931,19:21:05.705000000,19:21:05.705000000,120.64258478501498,123.6931687685298,139.2838827718412,6000.0,318.6396103067893,1.3465993798353393,ch1,0,0,0,1.5257732221521554,-2.5861084,395.91483,7687.791,257.8827,0.011929843,0.10219832
1020946_25ch1,220725,1020946,1020959,19:21:23.754000000,19:21:23.754000000,179.17333453575816,177.2004514666935,186.81541692269408,12300.0,692.4873734152916,3.102478228882865,ch1,0,0,0,1.6786949314179749,-2.8079553,397.14536,7664.576,258.12845,0.0,0.051664323
1020946_25ch1,220725,1020946,1020963,19:21:23.754000000,19:21:23.754000000,233.3915218254268,234.30749027719963,254.95097567963924,17400.0,776.6295090390227,2.758472532963286,ch1,0,0,0,1.948916953292081,-2.8079553,397.14536,7664.576,258.12845,0.0,0.051664323
1214023_25ch1,220725,1214023,1214037,19:25:45.008000000,19:25:45.008000000,162.1150850881474,141.4213562373095,151.32745950421557,3700.0,300.7106781186548,1.9448500030978515,ch1,0,0,0,3.2871736928379227,-2.047929,356.52087,8475.005,252.80495,0.006933164,0.24249652
1214023_25ch1,220725,1214023,1214037,19:25:45.008000000,19:25:45.008000000,216.78470370144527,194.164878389476,208.80613017821105,19400.0,815.9797974644665,2.7311604749550864,ch1,0,0,0,1.4581120937199286,-2.047929,356.52087,8475.005,252.80495,0.006933164,0.24249652
1572473_25ch1,220725,1572473,1572484,19:26:00.420000000,19:26:00.420000000,138.34571462031295,114.0175425099138,130.0,4100.0,284.85281374238576,1.574879415960988,ch1,0,0,0,3.172806246552899,-1.307177,356.803,8468.872,252.45473,0.011876349,0.32511312
1572473_25ch1,220725,1572473,1572487,19:26:00.420000000,19:26:00.420000000,243.2070616453909,233.238075793812,241.86773244895647,23700.0,1041.8376618407356,3.644533073485783,ch1,0,0,0,1.466190588789978,-1.307177,356.803,8468.872,252.45473,0.011876349,0.32511312
1809429_25ch1,220725,1809429,1809445,19:29:55.965000000,19:29:55.965000000,253.75192611276765,243.5159132377184,256.3201123595259,27100.0,1060.1219330881977,3.300140916645568,ch1,0,0,0,1.3267419304807968,-0.7303518,364.89194,8300.862,253.97392,0.0,0.22080714
1809429_25ch1,220725,1809429,1809440,19:29:55.965000000,19:29:55.965000000,138.84940460059542,117.04699910719626,130.0,4100.0,272.78174593052023,1.4442317514838745,ch1,0,0,0,2.946631507839672,-0.7303518,364.89194,8300.862,253.97392,0.0,0.22080714
1918023_25ch1,220725,1918023,1918036,19:30:02.080000000,19:30:02.080000000,218.42818761438429,211.8962010041709,224.7220505424423,23200.0,611.776695296637,1.28377232594196,ch1,0,0,0,1.5739562792842174,-1.1928675,364.22473,8315.414,253.81519,0.015575558,0.43575484
1918023_25ch1,220725,1918023,1918033,19:30:02.080000000,19:30:02.080000000,120.20416996420316,101.9803902718557,117.04699910719626,3700.0,278.2842712474619,1.6655809037986138,ch1,0,0,0,2.3775688331142195,-1.1928675,364.22473,8315.414,253.81519,0.015575558,0.43575484
2080211_25ch1,220725,2080211,2080235,19:33:55.671000000,19:33:55.671000000,325.81213571599176,347.85054261852173,357.3513677041127,42600.0,1209.4722215136417,2.732576525944453,ch1,0,0,0,1.653742964022416,-0.8685919,372.87808,8142.267,255.38318,0.0031418686,0.20949301
2080211_25ch1,220725,2080211,2080230,19:33:55.671000000,19:33:55.671000000,164.45070520397562,190.0,200.24984394500788,12700.0,630.4163056034262,2.490240489590429,ch1,0,20,0,1.1241257788717534,-0.8685919,372.87808,8142.267,255.38318,0.0031418686,0.20949301
2152632_25ch1,220725,2152632,2152646,19:33:59.025000000,19:33:59.056000000,205.1039415854448,213.7755832643195,225.6102834535696,14800.0,790.7716446627535,3.362254602321799,ch1,0,0,0,1.4425242980793445,-1.3789161,372.93057,8140.564,255.0188,0.014281098,0.36319023
2152632_25ch1,220725,2152632,2152641,19:33:59.025000000,19:33:59.056000000,130.7816714024147,108.16653826391968,116.619037896906,2000.0,170.0,1.149894463838944,ch1,0,0,0,2.798370494089859,-1.3789161,372.93057,8140.564,255.0188,0.014281098,0.36319023
2283556_25ch1,220725,2283556,2283577,19:34:04.765000000,19:34:04.765000000,331.8755569276542,355.10561809129405,364.9657518178932,50800.0,1053.2590180780453,1.7377880091759708,ch1,0,0,0,1.6313827249584574,-0.2214155,372.95633,8138.1333,254.82295,0.0,0.24348184
2283556_25ch1,220725,2283556,2283560,19:34:04.765000000,19:34:04.765000000,128.05631321028216,114.0175425099138,126.49110640673518,3800.0,282.78174593052023,1.6745930422998103,ch1,0,0,0,2.9432452072762865,-0.2214155,372.95633,8138.1333,254.82295,0.0,0.24348184
2363730_25ch1,220725,2363730,2363774,19:34:08.712000000,19:34:08.712000000,886.7896568133812,804.9844718999243,815.4140052758476,184900.0,3502.558800164656,5.279880515949684,ch1,0,29,0,2.3600361509320527,-0.7480337,372.84616,8140.7354,254.52007,0.00624844,0.30473408
2363730_25ch1,220725,2363730,2363738,19:34:08.712000000,19:34:08.712000000,137.1337527524651,108.16653826391968,128.06248474865697,3600.0,276.9238815542512,1.6951512565751714,ch1,0,0,0,2.604008020565576,-0.7480337,372.84616,8140.7354,254.52007,0.00624844,0.30473408
2377758_25ch1,220725,2377758,2377782,19:34:09.414000000,19:34:09.414000000,300.44565974193057,320.1562118716424,330.15148038438355,35500.0,1153.6143571373725,2.983204927075297,ch1,0,0,0,1.6161799581454142,-0.7480337,372.84616,8140.7354,254.52007,0.0,0.16502517
2377758_25ch1,220725,2377758,2377765,19:34:09.414000000,19:34:09.414000000,107.54946590749137,107.70329614269008,117.04699910719626,5100.0,294.85281374238576,1.3565334678827454,ch1,0,8,0,1.4899164379706886,-0.7480337,372.84616,8140.7354,254.52007,0.0,0.16502517
2403383_25ch1,220725,2403383,2403418,19:34:12.066000000,19:34:12.066000000,512.7920103694441,497.3932046178355,506.0632371551998,57500.0,2041.0155108391489,5.765206951883125,ch1,0,0,0,2.885662271218607,-0.6219874,372.46103,8148.3867,254.98634,0.0,0.12222131
2403383_25ch1,220725,2403383,2403392,19:34:12.066000000,19:34:12.066000000,205.6503473391612,183.5755975068582,192.35384061671343,4400.0,357.27922061357856,2.308622777258639,ch1,0,0,0,4.424043903902467,-0.6219874,372.46103,8148.3867,254.98634,0.0,0.12222131
2426922_25ch1,220725,2426922,2426938,19:34:14.406000000,19:34:14.406000000,199.0378042051804,206.15528128088303,215.870331449229,22600.0,692.4873734152916,1.6885169121796124,ch1,0,0,0,1.30009721641875,-1.0287207,372.21805,8153.271,254.94751,0.0,0.1529432
2426922_25ch1,220725,2426922,2426932,19:34:14.406000000,19:34:14.406000000,111.57420710927929,104.40306508910552,120.83045973594572,6300.0,304.4974746830584,1.1711620115854544,ch1,0,5,0,1.4025094468565382,-1.0287207,372.21805,8153.271,254.94751,0.0,0.1529432
2484896_25ch1,220725,2484896,2484919,19:37:49.125000000,19:37:49.125000000,331.41746522262224,317.8049716414141,331.209903233584,43200.0,1486.101730552664,4.068210992801541,ch1,0,0,0,1.5757124153166533,-0.3829311,380.9097,7979.306,256.33566,0.006336647,0.2847469
2484896_25ch1,220725,2484896,2484914,19:37:49.125000000,19:37:49.125000000,217.9058124116787,184.39088914585773,196.468827043885,5000.0,359.350288425444,2.0552096345764976,ch1,0,0,0,3.9492693205679976,-0.3829311,380.9097,7979.306,256.33566,0.006336647,0.2847469
2515424_25ch1,220725,2515424,2515438,19:37:50.529000000,19:37:50.529000000,185.8277103410529,183.8477631085024,193.13207915827968,17000.0,617.9898987322333,1.7877383948715164,ch1,0,0,0,1.3849781467642286,0.025924658,381.10223,7976.617,256.02206,0.0093652215,0.44947463
2515424_25ch1,220725,2515424,2515429,19:37:50.529000000,19:37:50.529000000,147.72355908558916,126.49110640673518,139.2838827718412,4100.0,302.42640687119285,1.775193497998811,ch1,0,0,0,3.1402358814226403,0.025924658,381.10223,7976.617,256.02206,0.0093652215,0.44947463
2596767_25ch1,220725,2596767,2596782,19:37:55.022000000,19:37:55.022000000,236.44035878185304,223.60679774997897,233.45235059857504,25900.0,845.2691193458118,2.1952317624974125,ch1,0,0,0,1.4259873099070954,-0.124093115,381.25772,7973.0493,255.89757,0.0018356242,0.33349973
2596767_25ch1,220725,2596767,2596778,19:37:55.022000000,19:37:55.022000000,141.4282614584544,117.04699910719626,134.1640786499874,4300.0,298.99494936611666,1.6544337650088523,ch1,0,0,0,2.893292628986734,-0.124093115,381.25772,7973.0493,255.89757,0.0018356242,0.33349973
2627846_25ch1,220725,2627846,2627875,19:37:56.925000000,19:37:56.925000000,476.7391466607246,483.83881613611777,494.7726750741192,90500.0,2363.441917710342,4.911695381805192,ch1,0,0,0,1.6722159586497276,-0.8418417,381.1671,7973.482,255.96278,0.0025339664,0.23692364
2627846_25ch1,220725,2627846,2627857,19:37:56.925000000,19:37:56.925000000,176.9342627669261,142.12670403551894,162.78820596099706,4700.0,353.1370849898476,2.111440917955069,ch1,0,0,0,2.966784361034472,-0.8418417,381.1671,7973.482,255.96278,0.0025339664,0.23692364
42613_26ch1,220726,42613,42644,15:29:30.589000000,15:29:30.589000000,525.80049442486,560.8921464952064,570.701322935211,108600.0,1888.5281374238568,2.613408085245744,ch1,0,0,0,1.7980497857712625,0.26535168,356.63312,8441.544,251.88924,0.00017439436,0.009265446
42613_26ch1,220726,42613,42627,15:29:30.589000000,15:29:30.589000000,161.82050993573668,147.648230602334,158.11388300841895,6800.0,421.4213562373095,2.0783290313560285,ch1,0,0,0,2.28282199697036,0.26535168,356.63312,8441.544,251.88924,0.00017439436,0.009265446
614484_30ch1,220730,614484,614496,17:15:24.922000000,17:15:24.922000000,128.57666186143547,123.6931687685298,133.41664064126334,3400.0,282.42640687119285,1.8669032879153185,ch1,0,0,0,2.607577176022335,-0.71255416,462.4877,6512.4204,262.03818,0.1571207,0.80318916
614484_30ch1,220730,614484,614501,17:15:24.922000000,17:15:24.922000000,231.58272669063305,234.30749027719963,244.13111231467408,26600.0,885.269119345812,2.344548005512379,ch1,0,0,0,1.33805821425936,-0.71255416,462.4877,6512.4204,262.03818,0.1571207,0.80318916
824385_30ch1,220730,824385,824400,17:15:32.020000000,17:15:32.020000000,259.8674187266181,263.0589287593181,276.5863337187866,29200.0,1163.259018078045,3.6877386976370303,ch1,0,0,0,1.4295247728665257,-3.3203247,463.06442,6502.889,262.33102,0.062597014,0.23189619
824385_30ch1,220730,824385,824396,17:15:32.020000000,17:15:32.020000000,130.6004289658973,111.80339887498948,126.49110640673518,3900.0,286.5685424949238,1.6756470976638482,ch1,0,0,0,2.923051319557782,-3.3203247,463.06442,6502.889,262.33102,0.062597014,0.23189619
166205_01ch1,220801,166205,166245,19:13:13.878000000,19:13:13.878000000,523.3145811720773,565.685424949238,575.5866572463264,145300.0,2099.59415460184,2.414322221557135,ch1,0,0,0,1.4268212036129415,0.9782866,463.24878,6523.331,264.75772,0.012616246,0.07197898
166205_01ch1,220801,166205,166217,19:13:13.878000000,19:13:13.878000000,166.83588943414105,148.66068747318505,156.20499351813308,7100.0,367.98989873223326,1.5177616751287064,ch1,0,0,0,2.77222981607078,0.9782866,463.24878,6523.331,264.75772,0.012616246,0.07197898
203564_06ch1,220806,203564,203582,18:06:07.139000000,18:06:07.139000000,205.7667255321541,186.81541692269408,206.15528128088303,10300.0,491.4213562373095,1.8657822778322548,ch1,0,0,0,2.87843857510222,1.3191763,503.71393,5852.1865,266.8828,0.13068831,0.3572657
203564_06ch1,220806,203564,203579,18:06:07.139000000,18:06:07.139000000,172.68514529088452,165.52945357246847,174.6424919657298,10100.0,446.2741699796952,1.569178192887022,ch1,0,0,0,2.1871093083682256,1.3191763,503.71393,5852.1865,266.8828,0.13068831,0.3572657
576660_06ch1,220806,576660,576684,19:12:52.674000000,19:12:52.861000000,510.9871330318156,500.0,515.4609587543949,48100.0,1951.6652224137044,6.301670718443173,ch1,0,0,0,3.228354968496166,7.6735744,500.89304,5893.123,267.56223,1.3213431,0.0
576660_06ch1,220806,576660,576671,19:12:52.674000000,19:12:52.861000000,119.82119215606494,111.80339887498948,123.6931687685298,5400.0,359.350288425444,1.902971883867128,ch1,0,0,0,1.45174847776297,7.6735744,500.89304,5893.123,267.56223,1.3213431,0.0
18539_07ch1,220807,18539,18578,16:07:21.738000000,16:07:22.050000000,473.76717383759575,483.3218389437829,493.9635614091387,137000.0,1509.53318805774,1.3235943366165936,ch1,0,0,0,1.2609460457974315,3.3315654,528.5625,5461.9043,269.12518,0.63799703,0.0015097866
47102_07ch1,220807,47102,47126,16:37:00.357000000,16:37:03.899000000,273.40352128476786,282.842712474619,290.6888370749727,41600.0,1042.193000900063,2.0777491332469853,ch1,18,0,0,1.2831386406334169,0.5615481,446.0853,6787.3706,261.83868,0.0013820208,1.8511433e-05
291817_07ch1,220807,291817,291856,17:34:37.166000000,17:34:37.166000000,428.6937112192655,452.7692569068709,460.1086828130937,55000.0,1472.3149339882605,3.1363814817822133,ch1,0,0,0,2.2224208042335527,-4.712656,416.8149,7306.7656,258.59982,0.34360957,0.13419744
291817_07ch1,220807,291817,291827,17:34:37.166000000,17:34:37.166000000,102.18927785767563,104.40306508910552,117.04699910719626,4800.0,305.208152801713,1.5443337386232552,ch1,0,0,0,1.412066753965441,-4.712656,416.8149,7306.7656,258.59982,0.34360957,0.13419744
315316_07ch1,220807,315316,315328,17:34:41.285000000,17:34:41.300000000,138.63165060831815,123.6931687685298,136.01470508735443,4000.0,278.6396103067893,1.54459936791938,ch1,0,0,0,3.2646194466835765,-1.8124915,416.33398,7310.0,258.0793,0.01927429,0.0
315316_07ch1,220807,315316,315356,17:34:41.285000000,17:34:41.300000000,417.3691896953739,512.2499389946279,520.0961449578338,88900.0,1978.8834764831845,3.505329270901647,ch1,0,33,0,1.3151199460160738,-1.8124915,416.33398,7310.0,258.0793,0.01927429,0.0
18539_07ch1,220807,18539,18595,19:18:02.117000000,19:18:02.117000000,579.09722900949,676.2396025078685,688.1860213634102,146400.0,2188.2337649086285,2.602774176781236,ch1,6,0,0,1.5897104949074718,0.09043097,431.38864,7046.815,260.83,6.261788e-05,0.0
34578_07ch1,220807,34578,34691,19:20:07.116000000,19:20:40.110000000,977.017933019905,1136.3538181394033,1146.298390472568,223500.0,3395.746391493337,4.105661160150921,ch1,0,83,0,3.120221567883664,-3.798381,417.02188,7294.148,259.7383,0.0002840383,1.1735833e-05
34578_07ch1,220807,34578,34603,19:20:07.116000000,19:20:40.110000000,258.0891205205872,259.6150997149434,269.2582403567252,8200.0,519.350288425444,2.617562365507803,ch1,0,17,0,4.9876854233650905,-3.798381,417.02188,7294.148,259.7383,0.0002840383,1.1735833e-05
47102_07ch1,220807,47102,47131,19:26:38.926000000,19:26:39.519000000,289.03096320509616,318.9043743820395,328.0243893371345,50300.0,1128.761543394987,2.01570308422826,ch1,0,0,0,1.1723576584847235,-4.3488903,410.21915,7428.8936,257.82507,0.20432952,0.008787276
