image_name,number_label
688501_25ch1,1.0
796774_20ch0,1.0
611166_19ch0,1.0
806433_30ch1,1.0
1378901_25ch0,1.0
691199_25ch0,0.0
1574924_23ch0,1.0
1787609_20ch0,1.0
698280_30ch1,1.0
375050_20ch0,2.0
1589261_25ch1,0.0
787360_30ch1,1.0
1922017_20ch1,1.0
2211396_19ch0,1.0
772539_23ch1,3.0
468803_19ch1,1.0
819762_19ch0,2.0
766679_19ch0,1.0
50210_20ch0,1.0
1444626_23ch0,1.0
1853751_23ch0,0.0
441567_20ch1,1.0
1056393_23ch1,1.0
668510_19ch0,1.0
47524_23ch1,1.0
935628_23ch0,1.0
2518113_25ch1,1.0
1010598_25ch1,1.0
2182384_25ch1,1.0
1915527_20ch1,1.0
424915_19ch1,1.0
1503126_23ch0,1.0
1187949_19ch1,1.0
717799_23ch1,1.0
1448184_25ch0,2.0
175931_19ch0,1.0
60254_06ch1,1.0
2478362_20ch0,1.0
2116756_25ch1,1.0
478010_19ch1,3.0
679617_30ch0,1.0
1439462_25ch0,0.0
2288970_20ch0,1.0
1355794_23ch0,1.0
217906_06ch1,3.0
603621_30ch0,1.0
362672_20ch0,1.0
27880_20ch0,1.0
273341_07ch0,1.0
153337_20ch0,1.0
402383_02ch0,1.0
760394_30ch0,1.0
1100841_23ch1,1.0
1172954_25ch0,1.0
1127555_19ch0,1.0
204535_30ch1,1.0
1404026_19ch1,1.0
1718612_20ch1,2.0
1345226_20ch0,1.0
223710_07ch0,1.0
2019211_19ch0,1.0
2138996_20ch1,1.0
1799092_25ch0,1.0
1818533_23ch1,1.0
1517119_23ch1,1.0
108196_06ch0,1.0
410819_23ch1,1.0
782359_23ch0,1.0
2245022_25ch1,2.0
1752365_19ch0,1.0
1164331_19ch0,1.0
1271264_25ch1,1.0
1708946_23ch0,1.0
548592_06ch1,1.0
1735124_25ch0,1.0
2040449_19ch0,1.0
1857663_23ch0,6.0
322000_20ch0,1.0
277792_07ch0,2.0
1442620_25ch0,3.0
1272504_19ch1,1.0
2043478_23ch1,1.0
212557_06ch0,1.0
64854_23ch0,1.0
370508_06ch0,1.0
267777_02ch0,1.0
1199000_23ch0,1.0
1451382_25ch1,1.0
1224167_25ch0,1.0
2191593_25ch1,2.0
1770523_25ch1,2.0
975216_25ch1,3.0
1795008_19ch0,1.0
1251298_23ch1,0.0
2017311_23ch1,1.0
245556_23ch0,1.0
1662427_20ch1,1.0
99573_30ch1,1.0
688950_25ch0,1.0
82160_23ch0,1.0
1466131_19ch1,1.0
261767_07ch0,1.0
1285016_25ch0,1.0
709660_25ch1,4.0
1877193_25ch1,1.0
2408007_20ch1,1.0
1477357_23ch0,2.0
1794106_25ch1,1.0
4032_26ch0,9.0
386599_06ch1,1.0
189461_07ch1,1.0
1366685_19ch0,1.0
1746897_23ch0,1.0
829810_19ch0,2.0
2325340_25ch0,3.0
417307_08ch0,2.0
1238044_25ch0,1.0
1650423_19ch0,1.0
1239911_23ch0,1.0
187921_23ch1,1.0
2556487_25ch1,1.0
2305500_25ch0,1.0
1284248_23ch0,1.0
1141179_25ch1,1.0
185904_20ch1,1.0
288489_08ch0,1.0
813187_25ch1,3.0
1390321_19ch1,1.0
1854020_20ch0,1.0
1180365_25ch0,1.0
1789580_20ch0,0.0
752079_25ch0,3.0
175846_01ch1,1.0
51937_23ch1,1.0
1788270_20ch1,1.0
1135875_25ch0,1.0
283164_01ch1,1.0
584956_23ch1,1.0
645114_19ch1,1.0
556842_23ch1,1.0
376134_08ch0,1.0
124398_06ch0,1.0
1467994_23ch0,1.0
1759068_20ch0,1.0
641754_20ch1,1.0
2383694_19ch1,1.0
2332825_19ch0,1.0
346593_02ch1,1.0
1188236_19ch0,1.0
711204_20ch0,1.0
2139955_20ch0,1.0
1784537_23ch1,1.0
2490182_20ch0,1.0
274742_08ch1,1.0
1690622_25ch1,1.0
471872_19ch1,1.0
922036_23ch1,1.0
1555938_19ch0,1.0
631224_07ch0,1.0
401578_07ch0,1.0
910059_23ch1,1.0
1651108_19ch1,1.0
1499188_20ch1,2.0
884522_25ch0,2.0
2192428_20ch1,1.0
299492_19ch0,1.0
1687048_25ch1,1.0
2616164_25ch1,1.0
946245_20ch0,2.0
1721236_25ch1,2.0
1738249_20ch1,6.0
64461_02ch1,6.0
1221016_25ch0,1.0
392833_06ch1,1.0
746205_25ch1,1.0
678473_30ch0,1.0
805812_20ch0,1.0
1806633_25ch0,3.0
835001_19ch1,1.0
2414002_20ch0,1.0
1278869_19ch1,1.0
97606_19ch0,1.0
2644771_25ch1,1.0
2592680_25ch1,1.0
1148917_25ch0,1.0
247795_20ch1,1.0
174565_06ch1,1.0
410192_23ch0,1.0
554783_20ch1,1.0
557789_20ch0,1.0
1716132_23ch1,1.0
1946870_25ch0,1.0
669168_25ch1,1.0
553982_20ch1,1.0
1246820_23ch1,1.0
937439_23ch0,1.0
2139799_20ch0,1.0
474012_06ch0,1.0
189387_06ch1,3.0
35304_23ch0,1.0
1797071_20ch1,2.0
302530_07ch1,1.0
1563094_20ch1,1.0
19720_19ch0,1.0
979097_23ch1,1.0
2504261_25ch0,2.0
2233876_19ch1,1.0
465783_19ch0,1.0
818140_20ch0,1.0
157614_06ch0,1.0
2131797_25ch0,2.0
486215_25ch0,1.0
1407145_19ch0,1.0
538738_25ch0,2.0
192240_23ch1,1.0
2018479_19ch0,1.0
2178029_19ch0,1.0
591463_30ch1,1.0
2162700_19ch1,1.0
1744277_19ch0,1.0
126558_06ch1,1.0
1622721_20ch1,1.0
336916_06ch1,1.0
1383848_20ch0,1.0
1488201_20ch0,1.0
1239970_25ch1,1.0
1852383_19ch1,11.0
2045429_20ch1,1.0
117062_23ch0,1.0
1184778_25ch0,2.0
1440865_20ch1,1.0
1179492_23ch1,1.0
490052_19ch1,1.0
1260617_23ch0,1.0
1795373_20ch1,1.0
325766_02ch1,1.0
214261_30ch1,1.0
1906041_25ch1,1.0
984988_23ch0,1.0
2446741_25ch1,2.0
2220816_25ch0,1.0
363630_08ch0,1.0
1479900_25ch1,1.0
1010436_25ch1,1.0
452751_06ch0,3.0
950853_19ch1,1.0
1015934_20ch1,1.0
1233324_19ch1,1.0
1212307_20ch0,1.0
790289_25ch0,1.0
1621765_23ch0,1.0
1572918_19ch0,1.0
634812_30ch0,1.0
503290_19ch0,1.0
676643_23ch1,1.0
2242396_20ch1,1.0
1777916_23ch0,1.0
682642_23ch1,1.0
1496715_23ch0,1.0
198672_19ch0,1.0
1784887_19ch0,1.0
2316767_25ch1,1.0
1897776_23ch1,1.0
1426054_19ch0,1.0
1744873_23ch0,6.0
1698484_19ch0,2.0
808668_19ch0,1.0
153541_30ch0,1.0
1781406_19ch0,1.0
865299_20ch1,1.0
2006270_23ch0,1.0
1455188_25ch0,1.0
1427983_25ch1,2.0
2138887_19ch1,1.0
1328855_23ch0,1.0
1793491_20ch1,0.0
1609176_20ch0,1.0
2671520_25ch1,6.0
271808_23ch1,1.0
383700_23ch1,1.0
1789847_19ch1,1.0
624314_25ch0,1.0
791198_07ch1,1.0
1796541_19ch1,1.0
97911_19ch1,2.0
697503_23ch0,1.0
71081_20ch0,1.0
162477_20ch0,1.0
1224614_25ch1,1.0
736931_19ch1,1.0
224671_02ch0,3.0
503287_19ch1,1.0
209191_19ch1,1.0
1610989_19ch1,1.0
23789_30ch1,9.0
1328236_19ch0,1.0
1511117_25ch1,3.0
1098440_25ch1,1.0
917673_25ch1,1.0
226135_20ch0,1.0
1469344_19ch0,1.0
449269_08ch0,1.0
202647_27ch1,9.0
660321_30ch0,1.0
484087_08ch1,1.0
692696_20ch0,1.0
809318_25ch0,1.0
757896_23ch0,1.0
690900_23ch0,1.0
1719917_20ch1,1.0
1175415_19ch1,1.0
1800822_20ch0,2.0
468289_19ch1,1.0
518497_23ch0,1.0
1457471_25ch0,1.0
1477185_19ch1,1.0
846066_25ch0,2.0
1924698_19ch0,1.0
1073256_19ch1,1.0
2063271_20ch1,1.0
204551_20ch0,1.0
1257012_19ch0,1.0
1069520_25ch1,1.0
1826989_20ch1,1.0
388054_19ch0,1.0
38167_20ch0,1.0
265222_02ch1,1.0
1953895_23ch0,1.0
142563_23ch0,1.0
84039_19ch1,1.0
2150387_19ch1,1.0
2053604_19ch1,1.0
1315008_23ch0,1.0
414583_08ch0,1.0
1421232_19ch0,1.0
106700_23ch0,1.0
252069_07ch0,1.0
75767_19ch0,2.0
159632_08ch0,1.0
1187224_25ch0,1.0
724151_07ch1,1.0
44376_07ch1,1.0
1308444_19ch1,1.0
1634862_25ch0,1.0
488127_19ch1,1.0
2081763_25ch1,2.0
424549_30ch1,1.0
702298_07ch1,1.0
2347809_20ch1,1.0
1284321_25ch1,1.0
2567036_25ch1,1.0
2182250_19ch1,1.0
2252296_20ch0,1.0
680230_23ch0,1.0
1907867_25ch0,1.0
1419821_23ch0,3.0
1418669_19ch0,1.0
446010_23ch1,1.0
683696_30ch1,1.0
1861986_20ch1,1.0
1477451_19ch0,1.0
304694_01ch1,3.0
2273737_25ch0,1.0
1391484_19ch0,1.0
1248297_19ch0,1.0
576099_23ch1,1.0
1917352_19ch1,1.0
338102_20ch1,1.0
1582830_20ch1,2.0
2380790_20ch0,1.0
1385895_19ch0,1.0
563436_20ch1,1.0
2046271_19ch0,1.0
583239_23ch0,1.0
1725721_19ch0,1.0
887244_23ch1,1.0
1711687_19ch0,1.0
1550391_25ch1,1.0
1922457_23ch0,1.0
543723_08ch0,1.0
1156975_20ch0,1.0
242040_23ch1,1.0
736344_25ch0,1.0
440617_23ch1,1.0
874838_23ch1,1.0
1048535_19ch0,1.0
1541248_23ch1,0.0
2079293_19ch0,1.0
419393_19ch1,2.0
1188245_25ch1,1.0
561773_23ch1,1.0
142868_23ch1,1.0
1254827_20ch1,1.0
2343778_25ch0,2.0
1092861_25ch0,1.0
1061319_23ch0,1.0
1442607_25ch1,1.0
2521621_25ch1,1.0
2290378_25ch0,1.0
422339_25ch0,1.0
1195987_25ch0,1.0
291998_08ch0,1.0
1576289_20ch0,2.0
1479959_25ch1,1.0
894754_25ch1,1.0
1981786_25ch0,0.0
1353689_19ch1,1.0
2339551_25ch0,1.0
165345_02ch1,1.0
1820694_19ch0,1.0
250911_19ch0,11.0
1378786_19ch1,1.0
1591049_23ch1,1.0
92861_23ch1,1.0
291369_20ch0,1.0
1849031_19ch0,1.0
1754998_20ch1,2.0
1300950_23ch0,1.0
464322_20ch1,1.0
1187156_25ch0,1.0
1613005_20ch0,1.0
278222_01ch0,1.0
1733540_19ch0,1.0
670952_25ch0,1.0
358359_06ch0,1.0
1629450_25ch0,1.0
2396283_20ch0,1.0
954061_19ch1,1.0
1881042_20ch1,2.0
2224621_25ch1,1.0
2033198_25ch0,1.0
1320412_23ch1,1.0
1110833_25ch1,3.0
1491829_20ch1,0.0
214748_19ch0,1.0
1406768_25ch1,1.0
2282766_20ch1,1.0
1968725_25ch0,1.0
1318464_25ch1,1.0
425941_20ch0,1.0
1660730_20ch0,1.0
1171701_25ch0,1.0
976005_20ch0,1.0
587985_20ch0,1.0
826213_30ch1,1.0
2286866_20ch0,1.0
1328146_25ch0,2.0
1548584_25ch0,1.0
1134309_23ch1,1.0
1230301_23ch0,1.0
2550448_25ch1,1.0
734063_30ch0,1.0
1046328_23ch0,1.0
1864459_25ch1,2.0
1988216_23ch1,9.0
1160194_25ch0,2.0
445197_20ch1,1.0
2231699_19ch1,1.0
879751_25ch0,0.0
1260297_19ch0,1.0
16128_20ch0,1.0
1989320_23ch1,1.0
503242_19ch1,1.0
1412999_25ch0,2.0
1139009_19ch0,1.0
104135_19ch0,1.0
535533_30ch0,1.0
440453_06ch1,1.0
1574751_20ch0,1.0
595089_25ch1,2.0
1119366_25ch0,1.0
35892_23ch0,1.0
799003_30ch1,1.0
1039550_19ch1,1.0
2120715_20ch1,1.0
2270006_25ch1,1.0
618834_19ch1,1.0
38547_23ch1,1.0
258499_19ch0,1.0
818224_20ch0,2.0
1920937_19ch0,1.0
1925020_25ch1,1.0
1975288_20ch0,1.0
1925799_20ch1,1.0
960254_19ch0,1.0
352466_06ch0,1.0
527874_23ch1,1.0
2160975_20ch1,1.0
1948988_20ch0,1.0
694788_19ch1,1.0
1447842_20ch0,2.0
1098413_19ch0,1.0
2147768_25ch0,1.0
205279_06ch0,3.0
369851_08ch1,1.0
1052582_19ch0,1.0
345550_02ch0,1.0
1216242_23ch0,1.0
1732020_25ch1,0.0
836500_25ch0,1.0
1388405_25ch1,1.0
388535_20ch0,1.0
187941_02ch0,1.0
438712_07ch1,1.0
2533743_20ch1,1.0
83316_19ch1,1.0
1574052_23ch1,1.0
366558_01ch1,1.0
2240999_20ch0,1.0
1962363_23ch0,1.0
61211_23ch0,1.0
467068_08ch1,1.0
374781_23ch0,1.0
241410_19ch1,1.0
605578_19ch0,1.0
424771_23ch0,1.0
700324_30ch1,1.0
486197_30ch0,1.0
660358_07ch1,1.0
227290_19ch1,2.0
1446333_25ch1,3.0
670235_30ch1,1.0
797145_25ch0,1.0
1220629_25ch0,1.0
2457785_20ch0,1.0
159330_08ch1,1.0
2181614_25ch1,1.0
639188_20ch0,1.0
429121_07ch0,1.0
1023140_19ch0,1.0
1740212_19ch1,1.0
1551311_23ch0,1.0
951439_23ch0,1.0
1422597_19ch1,1.0
294789_01ch0,1.0
2085505_25ch0,1.0
353507_08ch1,1.0
1701857_23ch0,1.0
1568337_23ch0,1.0
575388_19ch0,1.0
1245276_25ch1,1.0
807033_23ch0,1.0
349086_08ch0,1.0
150460_27ch0,1.0
1458914_25ch0,3.0
1749437_19ch0,1.0
556413_06ch1,1.0
1473832_25ch0,1.0
386234_01ch0,1.0
768663_25ch1,1.0
636581_20ch1,1.0
383061_08ch0,1.0
1666812_25ch1,1.0
1718193_20ch1,1.0
333924_30ch0,1.0
708598_19ch0,1.0
973226_20ch0,1.0
1102549_25ch0,1.0
408517_23ch0,1.0
473936_23ch1,1.0
1192608_25ch0,1.0
1011914_19ch0,1.0
653798_20ch0,1.0
925640_23ch1,1.0
828946_19ch1,1.0
154935_01ch0,1.0
287120_29ch1,1.0
139458_08ch1,1.0
2275407_25ch0,1.0
892952_19ch1,1.0
1166594_23ch1,1.0
741092_20ch1,1.0
983956_20ch0,1.0
651238_07ch0,1.0
394247_23ch1,1.0
685694_23ch0,1.0
956804_25ch0,1.0
1143208_19ch0,1.0
2337114_25ch1,1.0
876809_19ch1,1.0
63766_19ch0,1.0
1111789_20ch1,2.0
1775085_20ch1,1.0
1852282_25ch1,1.0
2587749_25ch1,1.0
814675_30ch1,1.0
710338_30ch1,1.0
1460476_25ch1,1.0
895094_23ch0,1.0
194515_06ch0,3.0
741944_19ch1,1.0
1760748_19ch0,1.0
1335676_25ch1,1.0
107217_30ch0,1.0
1650307_23ch1,1.0
2281232_25ch0,1.0
1337926_20ch0,1.0
2593986_25ch1,1.0
1987886_25ch0,1.0
524025_20ch1,2.0
2169190_25ch0,2.0
1387449_25ch1,1.0
125715_19ch1,1.0
44697_26ch0,1.0
444660_08ch0,11.0
2096074_25ch1,1.0
1868831_25ch0,2.0
2272573_20ch1,1.0
1440941_20ch0,2.0
767895_23ch0,1.0
441414_19ch1,1.0
1351007_25ch1,1.0
255311_07ch0,1.0
1607405_25ch1,1.0
308374_01ch1,1.0
318618_23ch0,1.0
1426486_23ch1,1.0
230651_23ch1,1.0
2001249_25ch0,0.0
78490_19ch1,1.0
1971266_20ch1,2.0
14141_19ch0,1.0
2058159_25ch0,1.0
1677083_25ch0,2.0
1218119_23ch0,1.0
697170_19ch1,0.0
127838_08ch1,1.0
460510_23ch1,1.0
1180714_23ch1,1.0
1126970_25ch1,1.0
2463490_25ch0,1.0
1548365_19ch1,1.0
1038533_19ch1,1.0
1047377_19ch1,1.0
1560782_25ch1,1.0
1313877_23ch0,1.0
727707_20ch1,1.0
1800289_19ch1,1.0
316473_08ch1,1.0
367262_08ch1,1.0
688159_30ch1,1.0
214375_23ch0,1.0
1222412_25ch1,1.0
2157816_19ch0,2.0
1599880_25ch0,1.0
926152_20ch1,1.0
1327612_25ch1,2.0
1949754_23ch1,3.0
1538513_23ch1,1.0
574076_30ch0,1.0
40889_20ch0,1.0
129275_02ch1,1.0
1913816_23ch0,1.0
1500134_25ch1,1.0
2193765_25ch0,1.0
1619537_23ch0,2.0
941987_23ch0,3.0
1935965_20ch0,1.0
595626_19ch0,1.0
1172044_19ch0,1.0
689911_25ch0,1.0
1846922_19ch1,2.0
1310041_23ch1,1.0
390475_06ch1,1.0
1830875_19ch0,1.0
1316716_19ch1,1.0
295064_19ch1,11.0
1850043_23ch1,1.0
372505_23ch1,1.0
837740_23ch0,1.0
2565619_25ch1,1.0
2075998_25ch1,1.0
537627_07ch0,1.0
13843_20ch1,1.0
381924_08ch0,1.0
661207_25ch0,1.0
1939644_20ch0,1.0
1153893_25ch1,1.0
1866684_25ch1,1.0
140226_19ch0,1.0
104004_02ch1,1.0
420377_06ch1,1.0
566076_20ch0,1.0
297094_07ch1,0.0
546287_19ch1,1.0
1451428_23ch0,1.0
353785_23ch0,1.0
2065254_25ch1,1.0
1029855_20ch1,1.0
1532922_19ch1,2.0
1250040_19ch0,1.0
2429288_20ch1,1.0
825007_25ch0,1.0
1226795_20ch0,1.0
1338008_19ch1,1.0
1636664_20ch0,2.0
502090_08ch1,1.0
1535273_19ch1,1.0
1401325_25ch1,1.0
1582948_20ch1,1.0
2498792_20ch1,1.0
900327_23ch1,1.0
2362116_25ch0,2.0
324703_02ch1,1.0
1057602_19ch1,1.0
1347448_23ch1,1.0
2584454_25ch1,1.0
414202_20ch1,2.0
593067_19ch1,1.0
1969519_20ch1,2.0
1133180_19ch1,1.0
2456182_20ch0,1.0
98874_01ch1,0.0
1834199_19ch1,1.0
1203829_19ch1,1.0
1051935_25ch0,2.0
161585_02ch1,1.0
771012_25ch0,2.0
616907_25ch1,1.0
1426487_25ch0,2.0
336637_06ch1,1.0
277972_07ch1,1.0
1178048_20ch1,1.0
2117314_19ch1,1.0
1762044_23ch1,1.0
479626_25ch0,1.0
1370465_25ch0,1.0
993017_19ch1,1.0
1986669_19ch0,1.0
2465804_25ch1,2.0
1647005_25ch0,1.0
1902232_23ch0,1.0
1317231_25ch0,1.0
588619_30ch0,1.0
2411859_25ch0,1.0
1815886_20ch1,1.0
2054671_19ch0,1.0
1760135_20ch0,2.0
2057250_20ch0,1.0
1811453_23ch0,1.0
441106_07ch0,1.0
1997844_25ch1,1.0
2137949_20ch0,1.0
2285966_25ch1,1.0
1320680_23ch0,1.0
1579730_19ch0,1.0
305606_19ch1,1.0
109421_19ch1,1.0
181034_30ch0,1.0
1870272_20ch1,2.0
1573611_19ch1,1.0
336370_19ch1,1.0
1517142_19ch0,1.0
1127251_23ch0,1.0
435495_19ch1,11.0
138680_08ch0,1.0
415758_06ch1,1.0
573600_23ch1,1.0
2055218_25ch1,0.0
467017_19ch0,1.0
332701_06ch1,1.0
372812_23ch1,1.0
283705_07ch0,1.0
1924780_19ch1,1.0
151580_19ch0,1.0
7350_02ch0,1.0
1950624_25ch0,1.0
261852_02ch1,1.0
149579_08ch0,1.0
414925_19ch1,1.0
1770564_20ch1,1.0
294288_01ch1,1.0
661403_30ch1,1.0
1934412_20ch1,1.0
466675_08ch1,1.0
1088308_23ch1,1.0
1505718_23ch0,1.0
2224357_19ch1,1.0
1470847_23ch0,1.0
1338958_25ch0,1.0
869202_19ch1,1.0
2150512_19ch1,1.0
746016_19ch0,1.0
125148_08ch0,1.0
594327_30ch0,1.0
1425922_25ch1,3.0
1655768_25ch1,1.0
423896_08ch1,0.0
14821_19ch1,3.0
15235_26ch1,1.0
115635_23ch0,1.0
1623354_19ch1,1.0
1454594_20ch0,1.0
1619564_23ch1,1.0
1662253_20ch1,1.0
686917_19ch0,1.0
247011_08ch0,1.0
812802_23ch1,1.0
125212_23ch1,1.0
1309584_25ch1,1.0
690687_19ch0,1.0
2134548_19ch0,1.0
809556_25ch1,1.0
651232_19ch1,1.0
1693995_20ch0,2.0
1706005_19ch0,1
399855_06ch1,1
1533150_25ch0,1
59823_23ch0,1
299337_01ch0,1
1966734_25ch0,1
39450_26ch0,1
306356_08ch0,1
2624792_25ch1,1
34089_20ch0,1
62879_20ch1,1
1140156_23ch1,1
1978255_19ch1,1
1333565_19ch0,1
488465_19ch0,1
1715206_20ch0,0
1459050_19ch0,1
1905860_23ch1,1
672915_30ch1,1
1286828_20ch0,1
1789206_23ch0,1
883444_20ch0,1
1888204_23ch1,1
411576_08ch1,1
938698_23ch1,1
2151470_25ch0,1
128068_06ch1,1
1343760_19ch1,1
119244_06ch0,1
344667_06ch1,1
368160_06ch1,1
261790_20ch0,1
183453_07ch1,0
1749106_19ch1,1
2057143_25ch0,1
1563177_19ch0,1
2462277_20ch1,1
459888_07ch0,1
1663669_23ch0,1
1912890_25ch1,1
340797_06ch1,1
472524_08ch1,1
1614926_23ch0,1
1986424_25ch1,1
2078620_20ch0,1
709241_20ch0,1
175783_23ch0,1
45731_23ch0,1
385505_06ch0,1
682694_23ch0,1
644330_30ch0,1
409093_08ch0,1
1508763_23ch1,1
1725513_23ch1,1
871580_25ch1,1
1107403_19ch0,0
1885031_19ch1,1
2026966_25ch0,1
1906597_20ch0,1
134351_19ch0,1
1788390_23ch1,1
2220860_19ch0,1
2065476_19ch0,1
2200857_25ch0,1
162458_23ch0,1
533734_20ch1,1
641993_30ch1,1
634762_19ch1,1
2314898_19ch0,1
2119551_25ch1,3
1255670_25ch0,1
931399_20ch0,1
918179_23ch1,1
2231488_25ch1,1
1337707_25ch0,1
1485490_25ch1,1
1009805_25ch1,1
356338_23ch1,1
1550722_19ch1,1
398051_06ch1,1
1718694_19ch0,1
355876_06ch0,1
1924034_20ch1,1
265364_25ch0,1
1838510_25ch1,1
1406339_25ch1,3
649767_23ch1,1
2353304_19ch0,1
240856_01ch0,3
2282836_20ch0,1
594296_20ch1,1
408144_19ch1,1
2003068_19ch0,1
2055929_20ch1,1
1495472_23ch1,1
1141010_19ch0,1
528678_25ch0,2
1968522_23ch1,1
308094_23ch0,1
340561_23ch1,1
133403_23ch0,1
5637_23ch0,6
258806_02ch0,3
1799726_20ch0,1
1194812_19ch1,1
1601666_19ch0,0
1171819_25ch1,1
1019912_25ch1,1
2193860_25ch1,1
252747_08ch1,1
556743_23ch1,1
1411979_25ch1,1
1732276_25ch0,2
978698_23ch0,11
41357_20ch1,1
2448450_20ch1,1
2432133_25ch1,1
1885418_20ch1,1
384808_23ch1,1
396362_01ch0,1
697823_20ch0,1
388087_19ch1,3
870264_25ch0,2
66163_19ch0,1
445025_23ch1,2
833683_20ch1,2
739416_30ch0,1
11324_20ch1,1
1063585_19ch0,1
2038397_25ch0,1
961761_25ch1,2
2108674_19ch1,1
1939151_25ch1,1
1441804_23ch0,1
438609_06ch0,1
2479287_20ch0,1
2088168_25ch1,1
1812251_19ch1,1
2266717_25ch1,2
1405895_23ch0,1
475930_20ch0,1
607947_20ch0,1
1934574_23ch1,1
1463142_20ch0,1
340154_23ch1,1
737892_26ch1,1
275404_23ch1,1
263201_19ch1,2
1692105_23ch1,1
1576761_19ch1,1
1269577_20ch0,1
1534529_25ch1,1
1373368_25ch1,1
975406_19ch1,1
2156194_19ch0,1
873171_25ch1,1
1753396_25ch0,11
1369734_25ch0,1
193102_07ch1,1
861435_23ch1,1
454208_19ch1,1
1908167_20ch1,1
343597_23ch1,1
1846471_20ch0,1
106865_23ch0,1
2369941_19ch0,1
1123911_25ch0,1
726136_19ch0,1
330914_06ch1,1
1980902_25ch0,1
2188592_25ch0,1
562352_19ch0,1
1950456_20ch0,1
2465053_25ch0,1
781457_25ch1,1
1101359_20ch0,2
2380000_25ch0,1
489001_08ch1,1
1993767_19ch1,1
1737364_19ch0,1
561685_06ch1,3
1405170_20ch0,1
1407111_23ch1,1
1271600_19ch1,1
326981_02ch0,1
2062935_25ch0,1
409712_01ch1,1
1000073_19ch0,1
374556_08ch1,1
1392028_25ch1,1
1370368_20ch1,1
1516752_23ch0,1
1777943_23ch0,1
1451309_19ch0,1
1962520_20ch0,1
225023_23ch0,1
201632_07ch1,1
66703_26ch1,1
798679_23ch0,1
993643_19ch0,1
1789486_25ch1,1
1495649_23ch1,1
2093852_20ch0,1
484656_08ch1,1
685730_19ch0,1
2307714_19ch1,1
1110319_20ch0,1
1649843_25ch1,1
111150_23ch1,1
1700903_20ch1,11
1187511_25ch0,1
116193_06ch0,1
249679_06ch0,1
235580_20ch0,1
2398769_25ch0,1
938041_23ch1,1
348097_20ch0,1
2199698_25ch0,3
996965_25ch1,1
1882458_25ch1,1
234869_02ch0,1
1389615_23ch1,1
1344066_25ch0,1
1156568_19ch0,1
2336158_25ch1,1
612606_20ch1,1
2179996_20ch1,1
1867411_25ch1,0
643341_23ch0,1
1631838_20ch0,2
69086_20ch1,1
2064858_19ch0,1
1178297_23ch0,1
1778934_20ch0,0
187378_20ch1,1
1391135_20ch1,1
35359_20ch0,1
1242306_25ch0,1
1244154_23ch1,1
439696_19ch1,1
2286430_19ch0,1
43644_20ch0,1
1322396_25ch1,1
284077_19ch1,0
215579_30ch1,1
1743474_19ch1,1
469576_07ch1,1
1345657_19ch0,1
1727869_19ch1,1
1923946_19ch0,1
328776_19ch0,1
277588_23ch0,1
1709765_23ch1,1
907489_25ch1,2
2007618_23ch1,1
52030_19ch0,0
289468_19ch1,1
668955_25ch0,1
682970_19ch1,1
1836722_20ch0,1
357600_02ch0,1
894923_20ch0,1
1252116_20ch1,1
817104_23ch1,1
2017116_25ch0,1
1403335_20ch0,1
1914293_19ch0,1
1491498_25ch1,1
2183197_19ch0,1
730313_23ch1,1
372586_20ch0,1
2195390_25ch1,1
1282240_23ch1,1
661709_23ch1,1
1243934_25ch1,3
610789_23ch0,3
1339154_19ch1,1
64008_06ch1,3
1494973_25ch1,1
807852_25ch1,2
179330_01ch0,1
2302961_25ch0,1
1939328_20ch0,1
1116778_19ch1,1
1275402_23ch1,1
536359_20ch1,1
382901_01ch0,1
1498289_19ch0,1
916123_25ch1,1
460981_07ch1,1
2352102_19ch1,1
299180_01ch1,1
856504_23ch1,1
1212585_19ch1,1
847997_19ch0,1
1698668_23ch1,1
1262194_23ch0,1
788740_19ch0,1
200143_20ch1,1
1953795_20ch1,1
792159_23ch0,1
1380887_25ch0,1
908995_23ch1,1
1183605_25ch0,1
312714_07ch1,1
399193_02ch0,1
546524_23ch1,0
2179146_19ch0,1
149311_07ch0,1
1896807_25ch1,1
1879897_23ch0,1
755696_19ch0,1
2339032_25ch0,1
2199077_20ch1,2
2236704_19ch1,1
725717_19ch0,1
61558_06ch1,1
1130912_19ch0,1
634595_25ch0,1
288270_02ch1,3
1315266_19ch1,1
2382452_25ch1,1
656698_19ch0,1
652931_30ch0,1
1124541_25ch1,1
2019258_25ch0,1
2166974_25ch1,1
919831_20ch0,1
286481_07ch1,1
1965229_20ch1,1
701195_20ch1,2
318769_26ch0,0
580906_19ch1,1
336880_06ch1,1
758984_30ch0,1
186103_19ch0,1
399217_19ch1,1
1647047_20ch1,1
1922967_19ch0,1
311048_20ch1,1
976618_20ch1,1
337144_06ch0,1
270425_07ch0,2
1100302_23ch1,1
2430177_25ch1,2
305141_20ch1,4
367690_25ch0,0
2240912_19ch0,1
1671760_25ch1,1
222093_08ch0,1
480595_25ch0,2
129131_23ch1,1
362759_23ch1,1
2231154_19ch0,1
11902_06ch0,1
52426_26ch1,1
520672_25ch0,4
660957_23ch1,1
1021633_20ch1,1
2652841_25ch1,0
1277072_19ch1,1
1740923_23ch1,1
2407790_25ch0,1
1378667_25ch0,1
1827541_23ch1,1
1430187_19ch1,1
1775884_25ch0,1
264415_01ch0,1
2272465_25ch1,1
1003286_23ch0,1
400032_01ch0,0
409896_07ch1,1
452149_08ch1,1
1243820_20ch1,1
1715858_23ch0,1
235745_19ch1,3
2341413_19ch0,1
873788_25ch1,1
1361460_19ch1,1
1142449_25ch1,2
328385_06ch0,1
432684_19ch0,1
939974_25ch1,1
304355_08ch0,3
1003361_20ch0,1
256192_02ch1,1
1008006_20ch1,1
1175197_20ch1,0
639648_19ch0,1
477339_25ch0,1
343536_08ch1,1
1456670_25ch1,1
306903_20ch0,1
699510_23ch0,1
604996_25ch0,1
1452213_19ch1,1
632813_25ch1,4
92972_19ch0,4
603431_19ch1,1
2339687_19ch0,1
185556_19ch1,4
496425_19ch0,1
1930463_25ch0,1
207811_20ch1,1
1696408_25ch1,1
724339_19ch1,1
1487521_25ch1,2
318528_02ch0,3
25304_26ch1,1
1037412_19ch1,1
1928146_19ch0,1
2121753_20ch0,1
726579_25ch1,1
631740_30ch0,1
244648_23ch1,1
1751742_20ch1,2
93520_06ch1,3
434445_07ch0,0
1721993_25ch0,2
975295_19ch0,1
2162258_25ch0,1
605002_30ch1,1
2077393_19ch0,1
2204761_20ch1,2
1256769_25ch1,1
1286004_19ch0,1
1832416_19ch1,1
656450_19ch0,1
459139_23ch1,1
252707_19ch0,1
1168470_20ch1,1
968870_20ch0,1
965493_25ch0,1
1674404_20ch0,1
1447442_19ch1,1
2074633_20ch1,1
1309298_25ch0,1
2068725_25ch0,1
2108219_19ch1,1
245407_06ch1,3
141382_06ch1,1
638030_19ch0,1
293857_07ch1,1
806432_23ch1,1
1842513_25ch1,1
325805_06ch0,1
1530003_23ch0,1
1990049_25ch1,1
149762_23ch1,1
1514369_20ch1,1
311612_06ch0,1
636308_25ch1,1
1570073_19ch1,1
2349546_20ch1,1
1052943_25ch0,1
2184272_25ch1,11
116963_19ch1,1
82061_06ch0,1
1497591_19ch0,1
859200_23ch1,1
1885220_25ch1,1
435403_23ch0,1
374412_23ch1,1
1999182_25ch1,1
2494310_20ch1,1
599536_19ch0,1
119667_19ch1,1
1766357_25ch0,1
1243396_20ch1,1
1104124_25ch1,1
686298_30ch0,1
1456384_23ch0,1
94369_27ch1,1
670209_07ch1,0
955113_19ch1,1
1513122_19ch0,2
725123_19ch1,1
1609723_20ch1,7
1829618_25ch0,0
759428_23ch1,1
211943_19ch0,0
1410903_23ch0,1
443465_23ch0,1
536846_25ch0,11
1014787_25ch1,1
329268_23ch0,1
1200680_20ch1,1
1080508_25ch0,1
246106_23ch1,1
347472_08ch1,1
933332_25ch1,1
2087952_19ch0,1
709134_19ch1,1
266350_01ch1,1
1429011_23ch1,1
416777_23ch1,1
2245983_19ch1,1
176660_23ch1,1
2463933_20ch0,1
1534558_25ch1,3
253986_01ch0,1
345659_08ch1,1
173668_20ch0,1
1211499_19ch0,1
77602_19ch1,1
520590_30ch0,1
156286_23ch1,1
1484818_20ch0,1
1849759_23ch1,1
449694_19ch0,1
1603110_25ch1,0
1260955_19ch1,1
1682239_25ch1,2
162957_01ch0,1
97719_20ch0,1
2295179_25ch0,1
919928_19ch1,1
1704470_25ch1,1
112434_08ch1,1
1344405_19ch1,1
1453268_19ch1,1
2255105_19ch1,1
262938_23ch1,1
113874_23ch1,1
1458152_20ch1,1
419167_01ch1,1
528194_19ch0,1
2614463_25ch1,1
1143268_19ch1,1
1194518_25ch1,1
381399_23ch1,1
566568_25ch1,1
2141393_20ch0,1
1725742_23ch0,1
956289_23ch1,1
95033_27ch1,1
1262977_23ch0,1
608256_30ch1,1
171814_07ch1,1
1966946_25ch1,1
434720_25ch0,1
1195557_25ch1,1
1386089_19ch0,1
1011939_25ch1,1
498591_30ch0,1
1515051_20ch0,1
1366030_23ch0,3
2026419_19ch1,1
950732_25ch0,3
1447398_25ch0,1
189109_02ch1,1
1410842_19ch1,1
1762818_20ch1,1
1371991_23ch0,1
1140835_23ch1,1
887557_23ch1,1
832647_19ch0,2
116081_06ch0,1
794258_19ch0,1
2259989_20ch0,1
1304715_19ch1,1
243227_19ch1,1
325635_19ch0,1
401581_08ch0,1
2176904_19ch0,1
382487_02ch0,1
1205712_19ch0,1
1357605_20ch0,1
364046_20ch0,1
2110183_19ch1,1
1016620_19ch1,1
2101244_20ch1,1
35999_26ch1,1
1664047_25ch1,1
1726938_20ch1,2
1933787_23ch0,1
458181_19ch0,1
2146176_25ch0,1
2261974_19ch1,1
1817361_23ch0,1
1857205_23ch0,1
337077_01ch0,1
2248201_20ch1,1
1269496_20ch0,1
2230991_20ch0,1
742452_19ch0,1
1352762_20ch1,1
2213433_25ch1,1
305872_19ch1,1
1795930_20ch0,1
2193536_19ch0,1
551426_23ch1,3
1292817_19ch1,1
1410236_25ch1,1
2320632_25ch1,1
1250218_19ch1,1
262042_29ch0,1
2408485_25ch1,1
249829_08ch1,1
1195104_19ch1,1
631337_20ch0,2
11433_07ch1,1
1530153_19ch1,1
173755_23ch0,1
1811760_20ch1,2
1245670_19ch1,1
842939_23ch0,1
104856_06ch1,1
2181402_20ch1,1
1241070_23ch0,1
1475492_25ch1,0
94180_06ch1,6
569614_30ch0,0
274012_01ch0,1
467781_23ch1,1
60589_23ch1,1
1253178_25ch0,8
1464645_19ch0,1
1770944_25ch0,1
328429_23ch0,1
2460518_25ch0,1
1287606_25ch0,1
570110_23ch1,1
1678875_19ch1,1
164977_19ch1,1
1733187_20ch0,1
370114_08ch1,1
1266352_25ch1,0
361517_19ch1,1
1222698_19ch1,1
2368555_19ch1,1
135143_01ch0,1
712379_25ch0,1
2405702_20ch0,1
2105355_20ch1,1
692952_30ch0,1
382638_23ch0,1
1985867_20ch0,2
659293_19ch1,1
1148085_19ch1,1
214581_06ch0,1
452232_23ch0,1
2394769_25ch0,1
276952_01ch1,1
1534944_19ch1,1
1991886_25ch0,1
762832_19ch1,1
2092975_19ch0,1
62468_20ch1,1
149545_23ch0,1
144147_02ch0,1
1382118_23ch1,3
419668_19ch1,1
1052891_20ch0,1
1012372_19ch1,1
953232_23ch0,1
1365292_25ch0,1
288757_23ch1,1
2118809_19ch1,1
1886925_23ch1,1
454809_08ch0,1
896202_23ch0,1
29431_20ch1,1
1530476_23ch0,1
525007_19ch0,1
1727409_25ch0,1
314615_30ch0,0
1527505_19ch0,1
1763870_23ch1,1
949120_23ch0,1
922467_20ch0,1
726167_19ch1,1
259448_08ch0,1
935416_20ch1,2
292045_08ch0,1
2020157_23ch1,1
1068297_20ch0,2
2503088_20ch0,1
330400_08ch0,1
1732311_20ch0,1
166997_01ch0,1
1318462_20ch0,2
1079180_20ch0,1
1477738_19ch0,2
2352973_25ch1,0
2601110_25ch1,1
635467_23ch1,1
2277040_25ch1,1
590420_07ch0,1
530858_23ch0,1
113800_30ch0,3
678620_19ch1,1
965707_20ch0,2
50315_20ch1,1
195040_23ch1,1
1288434_25ch1,1
670283_25ch1,6
1725217_25ch0,1
791830_20ch0,1
39924_23ch1,1
1839026_20ch1,0
2050213_19ch0,1
581368_23ch0,1
520717_20ch1,1
1461457_25ch0,1
1865175_20ch0,2
1912491_25ch1,1
2449604_25ch0,1
200943_02ch0,1
2063679_25ch0,1
1824878_25ch1,1
1246962_23ch0,1
1279291_19ch1,1
1201323_19ch1,1
2040894_23ch1,1
1068453_23ch1,1
1444339_20ch0,1
598317_25ch1,1
745738_30ch1,1
1181201_19ch1,1
482651_07ch1,1
1687621_19ch0,1
510976_06ch0,1
1687219_25ch1,11
422754_19ch1,2
150226_06ch1,0
953651_23ch1,1
1430514_25ch0,1
479956_06ch0,1
338331_20ch1,1
649687_23ch1,1
1128252_23ch0,1
402567_19ch1,1
1649017_19ch1,2
543414_25ch0,1
276479_20ch0,1
1342197_23ch0,1
138066_27ch0,2
1768938_25ch0,1
729630_25ch1,1
377644_06ch0,1
1777008_23ch1,3
1128717_25ch1,1
165101_20ch0,1
1352198_23ch0,1
719885_25ch0,1
474744_30ch0,1
279370_07ch0,2
1805475_23ch1,1
479239_07ch1,1
83382_19ch0,1
183457_23ch0,1
2249762_20ch0,1
268004_06ch0,1
1012630_19ch0,1
1752865_19ch0,1
1268590_23ch1,1
2243650_19ch0,1
201949_23ch1,1
421119_23ch1,1
1074473_23ch1,1
234968_08ch1,1
1877924_20ch1,1
84226_19ch1,3
511230_25ch1,1
2394614_25ch0,1
2082201_20ch1,2
1051507_19ch0,1
352104_23ch0,1
2137312_20ch1,1
1578919_19ch1,11
1641406_23ch0,1
1473468_25ch1,1
686125_25ch0,1
1792559_20ch0,1
591679_25ch0,1
2167505_25ch1,1
879873_25ch1,1
284011_02ch0,1
1009823_25ch1,1
1775536_25ch0,1
778575_20ch0,1
570026_30ch0,0
339023_23ch0,1
1977629_25ch0,1
26673_07ch1,1
108968_19ch0,1
2074539_25ch0,2
730425_07ch1,1
1691623_19ch0,1
1958361_19ch1,1
70146_07ch0,1
2005299_19ch1,1
1414899_20ch0,1
307167_23ch0,1
560776_07ch1,1
924673_23ch0,1
1393249_20ch0,1
749869_25ch0,1
438836_06ch1,1
253890_19ch0,2
117919_07ch1,1
1708666_23ch1,1
464804_23ch0,1
2424295_25ch1,1
792641_19ch1,1
552389_20ch1,1
1527264_25ch1,1
682349_30ch1,1
1668040_25ch1,1
603141_30ch0,1
1434268_19ch1,1
2085580_25ch1,0
1775353_23ch1,1
1109762_19ch1,1
2162935_19ch0,1
916207_20ch0,1
1882765_19ch0,1
250770_02ch0,3
320532_26ch0,0
1807190_19ch1,1
297243_19ch0,1
168429_07ch1,1
1781704_19ch1,1
288940_07ch1,1
1395064_25ch0,1
499201_19ch0,1
1324264_25ch1,1
1916659_19ch0,1
416615_06ch0,1
21903_20ch0,1
690297_25ch1,3
1992987_19ch1,1
389259_07ch0,1
1495638_19ch1,1
2239120_20ch0,1
1772859_25ch0,1
1015472_23ch1,1
639260_23ch0,1
336727_20ch0,1
2288648_19ch1,1
290908_23ch0,1
15756_26ch1,1
1713214_20ch0,1
624522_20ch1,1
1550164_19ch1,1
1850066_25ch0,1
59119_26ch0,1
953730_23ch0,1
1396586_25ch0,1
2617230_25ch1,1
1729753_23ch0,1
224638_19ch1,1
275189_23ch0,1
834603_25ch1,1
129321_27ch1,1
631821_23ch1,1
1263185_25ch0,1
265822_08ch0,1
1141376_23ch1,1
1739392_20ch0,1
772484_07ch0,1
318390_06ch0,1
1303118_19ch1,1
453419_07ch0,1
1222375_19ch0,1
2456979_20ch1,1
1863496_23ch0,1
1916011_19ch0,1
2076362_20ch1,1
257796_07ch0,1
2327613_19ch1,1
97879_23ch1,1
634057_25ch0,1
51156_26ch0,1
2314387_25ch0,2
2125359_25ch1,1
997068_19ch0,1
24037_07ch0,1
342207_08ch1,1
2028490_25ch0,1
198536_07ch1,1
126019_07ch0,1
2390172_25ch0,1
1943026_20ch0,1
307370_20ch0,1
140687_20ch1,1
1778013_20ch1,2
2092564_19ch0,1
1619388_25ch0,1
829027_30ch1,1
1682488_19ch0,1
1174151_19ch1,1
611129_20ch1,0
1600913_20ch0,1
2012067_25ch0,1
962119_25ch0,1
1120650_23ch0,1
827052_23ch1,1
2216817_20ch0,1
1574141_23ch0,1
1144987_23ch0,1
2313106_20ch1,1
140981_08ch1,1
1258539_25ch1,1
1044849_19ch1,1
1235729_19ch1,1
317503_08ch1,1
2477108_20ch0,1
2410459_20ch0,1
456041_19ch0,1
1674753_23ch0,1
2314318_19ch0,1
1272587_19ch0,1
1833174_25ch1,0
2635506_25ch1,1
1038080_25ch1,1
338941_08ch0,1
1561351_23ch0,1
1817017_20ch1,2
1092958_25ch0,1
1726971_20ch0,2
1729121_20ch0,1
54204_26ch1,1
537636_06ch1,3
859046_23ch1,1
2212438_19ch0,1
575818_30ch0,1
101245_23ch0,1
141798_19ch1,0
2471457_25ch0,1
1109014_19ch1,1
384893_01ch0,1
443046_06ch0,1
1846616_25ch0,1
933957_23ch1,1
1316901_19ch0,1
1925532_20ch1,1
2536348_25ch1,1
546450_19ch1,1
296276_02ch1,1
270084_08ch0,1
1859009_19ch0,1
886237_19ch0,1
1173116_20ch0,1
1993297_19ch1,1
2643283_25ch1,1
1066986_23ch0,1
1358177_25ch1,1
1611495_25ch1,1
400799_08ch1,1
1932052_20ch1,1
596756_08ch1,1
1574479_25ch0,1
494524_06ch0,1
775664_30ch1,1
1689747_20ch1,1
193415_20ch0,1
1448340_25ch1,1
1763838_19ch1,1
1706092_19ch1,1
976827_19ch0,1
2055242_19ch0,1
2265719_20ch1,1
1648955_23ch0,1
276536_07ch0,1
460596_06ch0,1
124616_19ch1,1
2021009_25ch0,1
387300_23ch0,1
235055_07ch0,1
1401413_25ch0,9
1399177_25ch1,1
670223_30ch0,1
486688_30ch0,1
327116_20ch0,1
852619_25ch0,1
1036515_23ch0,1
1653233_23ch1,1
1360431_20ch1,1
594437_23ch0,1
160535_23ch0,1
340943_01ch1,1
1052634_19ch1,1
5609_02ch0,9
105727_20ch1,1
1169130_25ch0,1
1789269_19ch0,1
668715_25ch1,1
328686_08ch0,1
210177_23ch0,1
1326790_23ch1,1
422400_20ch0,1
2455909_20ch1,1
1469024_25ch0,1
1999280_19ch0,1
267787_08ch1,1
198360_23ch1,1
168195_23ch1,1
178694_23ch1,1
408831_25ch0,1
1817308_20ch0,1
880386_19ch0,1
1990758_19ch1,1
170987_19ch0,1
1874420_23ch1,1
411766_20ch0,1
1915902_25ch1,2
798512_25ch0,1
1512648_23ch0,1
677533_07ch0,1
502588_23ch1,1
956583_23ch0,1
852959_19ch1,1
134090_19ch0,1
1546998_19ch0,1
1316163_19ch0,1
1706801_25ch1,1
1965684_20ch0,4
656684_23ch1,1
2483651_25ch1,1
217113_19ch1,1
68753_23ch1,1
85862_19ch1,1
270485_19ch1,1
1511951_25ch0,1
1606471_23ch1,1
424436_23ch0,1
613608_30ch0,1
901834_25ch0,2
999729_19ch1,1
441310_07ch0,1
1826304_20ch1,2
539172_23ch0,1
441005_08ch1,1
401424_19ch1,1
797638_25ch0,1
982034_19ch0,1
1694907_19ch1,1
2117575_19ch1,1
514325_06ch1,1
1958926_20ch1,1
1941125_19ch1,1
1547745_23ch0,1
1451964_23ch1,1
638550_23ch1,1
817174_30ch1,1
1199609_19ch0,1
2341565_20ch0,1
1318931_19ch0,1
644778_20ch0,1
930504_23ch1,1
1742469_19ch0,1
651107_20ch1,2
986598_19ch1,1
1125851_19ch0,1
1999057_19ch1,1
1992030_25ch1,1
2208543_25ch1,1
2022713_19ch0,1
1877800_25ch0,1
1268121_23ch0,1
22645_26ch0,1
2269599_19ch1,1
403690_23ch1,1
472163_23ch1,1
35877_20ch0,1
217906_08ch0,1
1800762_23ch1,1
2352623_20ch1,1
1068806_20ch1,1
1569844_25ch0,1
1210483_23ch0,3
1065789_20ch1,0
297730_08ch1,0
189362_08ch1,1
54475_08ch0,1
1066254_19ch0,1
201744_19ch1,1
2119410_19ch1,1
2233018_19ch1,1
1298493_25ch1,1
2279873_20ch1,1
631843_23ch0,1
2057301_25ch1,1
1093109_25ch0,2
80945_06ch0,2
603668_25ch0,1
1995451_19ch1,1
1171784_25ch0,1
994699_25ch0,1
1623960_20ch1,0
1130860_19ch1,1
2581123_25ch1,1
209546_08ch0,1
2023799_20ch1,1
1168034_23ch1,1
534268_30ch0,1
838772_19ch0,1
198095_08ch1,1
621904_30ch1,1
408829_07ch0,1
1363892_19ch1,1
408457_06ch0,1
625155_25ch1,1
1276554_25ch1,1
679124_25ch0,1
241149_08ch1,1
422268_06ch1,1
299218_23ch0,1
818066_25ch1,1
592260_23ch0,1
2193553_25ch0,1
1315629_23ch1,1
799120_19ch0,1
533919_25ch0,2
480949_25ch0,1
1024549_19ch0,1
929365_23ch1,1
1186272_25ch1,1
1191978_20ch0,1
1474724_19ch0,1
1851658_25ch1,1
106734_01ch0,1
1052535_25ch1,1
1055895_23ch0,1
1606239_20ch0,2
2029796_19ch1,1
1996708_25ch0,1
1736102_20ch1,1
1863556_23ch1,1
2010655_23ch1,1
429201_08ch0,1
1836823_20ch1,1
259008_20ch0,0
1149142_25ch0,1
2226142_25ch0,1
376229_23ch1,1
1955357_19ch0,1
374655_19ch0,1
1097182_23ch0,1
200774_02ch1,1
641300_19ch0,1
199075_20ch1,1
154361_23ch0,1
339_23ch0,6
1901247_20ch0,1
476558_06ch0,1
372881_23ch1,1
621737_19ch1,0
410916_19ch1,1
894093_25ch0,1
921813_19ch0,1
1390959_25ch0,1
1144577_25ch1,6
307868_19ch1,1
917015_25ch0,3
1768185_19ch1,1
838871_20ch1,1
367843_30ch0,1
151724_23ch1,1
702263_25ch1,1
2150159_25ch0,1
437594_23ch0,1
370874_02ch0,1
205423_23ch0,1
1686938_23ch1,1
1021154_19ch1,11
762119_25ch1,1
404896_08ch0,1
1708334_23ch1,1
820806_23ch1,1
1305325_25ch1,1
1099721_19ch0,1
1403876_20ch0,2
173842_23ch1,2
1205248_25ch1,1
255147_23ch1,1
394153_06ch0,1
875537_20ch1,1
1852718_23ch0,1
181044_06ch1,3
223717_06ch0,1
573935_30ch1,1
1166797_25ch1,1
1653883_23ch1,1
422550_23ch0,1
258776_19ch1,1
1646351_20ch1,2
442031_08ch0,1
1005463_23ch1,1
60471_19ch1,1
394200_07ch0,1
223502_02ch0,1
1630411_19ch0,1
409131_06ch1,1
1140476_25ch0,1
974316_30ch1,1
124134_07ch0,1
1906227_20ch1,1
46996_19ch0,1
820457_19ch1,1
1893664_19ch1,1
1189791_23ch1,11
605404_07ch0,1
368115_19ch0,1
1690913_19ch1,1
1873771_25ch0,1
1137935_19ch0,1
626633_23ch1,1
1858710_25ch1,1
1798210_19ch1,1
1403089_19ch0,1
722937_19ch1,1
268164_23ch0,1
1052858_19ch1,1
1949532_25ch0,1
2103548_20ch1,1
1634374_25ch1,1
2147910_25ch0,1
2024192_19ch0,1
412542_23ch1,1
1739841_25ch0,1
61645_26ch0,1
1567197_20ch1,0
989350_19ch0,1
2232853_19ch0,1
1598889_25ch1,0
98194_20ch1,1
2248440_25ch0,1
294756_07ch0,2
2154830_20ch0,1
1682195_25ch0,1
982903_19ch0,1
88990_19ch0,2
524638_06ch0,1
81348_01ch0,0
1915358_23ch1,1
2089496_25ch0,1
68937_06ch1,1
1282793_25ch1,1
2405591_20ch0,1
1802216_25ch0,0
1231294_25ch0,1
1194860_19ch1,1
1987254_25ch1,1
1518146_19ch0,1
456511_08ch1,1
1618833_25ch1,0
596007_23ch0,1
1316266_20ch1,1
90643_06ch1,1
1183723_25ch0,1
183132_01ch1,1
476139_23ch0,1
1863995_25ch0,0
2405364_19ch1,1
944173_23ch1,1
1352397_23ch0,1
883059_25ch1,1
246054_01ch0,1
351368_19ch1,1
2347961_25ch1,1
1516954_23ch0,1
1509739_20ch0,1
1616472_19ch0,1
2016007_25ch0,1
683918_20ch0,1
1843657_20ch0,1
1459751_19ch0,1
20913_26ch1,1
1628243_25ch0,1
1370878_19ch0,1
2472249_25ch0,0
619487_19ch1,1
174131_02ch1,1
1421113_20ch0,1
344330_08ch1,1
300016_07ch1,1
1738612_19ch1,1
1159945_19ch0,1
1426736_25ch0,3
959961_23ch1,1
2244171_25ch0,1
259952_20ch1,1
1180081_19ch1,1
2166487_20ch1,1
1769290_20ch0,1
202769_19ch1,1
1092645_20ch1,1
1157196_19ch0,1
2052115_25ch1,1
301975_08ch0,1
146355_23ch1,1
703833_23ch0,1
927305_25ch0,0
286174_23ch1,1
684091_20ch1,1
1332923_25ch1,1
724210_19ch1,1
1664058_23ch0,1
1529756_25ch0,2
1042984_25ch1,1
1334019_25ch1,0
35197_01ch0,1
720615_30ch0,1
1391857_19ch1,1
1960135_23ch1,1
1362341_23ch0,3
1167405_19ch0,1
1607316_23ch0,1
177402_20ch1,1
1161622_20ch0,1
1435135_23ch1,1
441911_07ch0,1
2169331_25ch0,1
1966735_19ch0,1
316455_23ch1,1
2145071_25ch1,1
29611_20ch1,1
642881_23ch0,1
473069_23ch0,1
446496_20ch1,1
1238706_19ch0,1
1521823_20ch0,1
734842_07ch1,2
615555_23ch0,1
1429480_23ch1,1
1543247_25ch1,1
17219_26ch1,1
670053_19ch1,1
2487540_25ch0,1
512479_19ch0,1
15898_26ch0,1
289029_08ch1,1
340645_23ch1,1
1757214_19ch0,1
1814523_20ch0,1
1567583_19ch0,1
2091569_19ch0,1
39761_20ch1,1
357474_06ch1,1
485802_19ch1,1
2299906_25ch0,2
1103029_25ch1,1
2173617_20ch1,1
1353558_19ch0,1
760233_30ch1,1
158451_23ch1,1
771456_25ch1,1
196415_20ch0,1
1141931_25ch1,1
1992191_25ch1,1
766852_19ch1,1
1838040_25ch0,1
124526_08ch0,1
1331640_25ch0,1
2253263_25ch0,1
859617_20ch0,1
1373449_19ch1,1
686165_30ch1,1
1810375_25ch1,1
340194_23ch0,1
691111_25ch0,1
719514_19ch1,1
2011900_19ch0,1
366271_30ch0,1
756737_30ch0,1
106648_20ch0,1
1518183_19ch0,1
1175539_25ch0,1
144040_19ch1,1
34501_20ch0,1
334822_08ch0,1
1041715_25ch0,1
367177_06ch1,1
1578450_25ch0,1
350177_02ch1,1
348510_19ch1,1
986460_23ch1,1
1328729_19ch0,1
1197724_19ch1,1
1264133_23ch1,1
587595_23ch1,1
257490_19ch0,0
557721_20ch1,1
1127070_25ch1,1
798317_25ch0,2
2156718_19ch0,1
729957_19ch0,1
1256844_19ch0,1
90654_08ch0,1
298796_20ch0,0
1368023_25ch0,1
2466878_25ch1,2
140881_06ch0,1
35223_02ch0,1
202428_02ch0,1
295746_02ch1,1
1784615_19ch1,1
2095636_25ch1,1
1777374_23ch1,1
2038800_20ch1,1
240014_23ch0,1
793279_30ch1,1
1263804_25ch1,1
772740_23ch0,1
1691554_20ch0,1
1499709_25ch1,1
281634_23ch1,1
1346681_19ch1,1
1267769_23ch0,1
1879199_20ch1,1
104750_08ch0,1
436374_23ch0,1
336647_19ch0,1
904051_23ch1,1
294986_02ch1,1
1541597_23ch0,1
441907_08ch0,1
1214673_25ch0,1
327601_08ch0,1
462334_30ch0,1
1771581_20ch0,1
396761_08ch1,1
1450480_25ch1,1
1458094_25ch0,1
520535_06ch1,1
732977_07ch0,1
853609_23ch0,1
2057996_25ch1,1
1248486_25ch1,11
644764_30ch0,1
1248268_20ch0,1
1963739_25ch0,1
1577430_20ch1,1
614481_23ch1,1
2297347_19ch1,1
246043_27ch0,1
1981318_25ch0,1
291738_08ch0,1
35063_20ch0,1
489880_19ch0,1
289827_08ch0,1
2147229_19ch1,1
1736317_25ch0,1
1613433_20ch1,3
466519_20ch1,1
2093647_19ch1,1
488470_06ch0,1
496850_19ch1,1
1137983_23ch1,1
475461_23ch1,1
266535_20ch0,1
1614292_20ch0,11
1329988_25ch1,1
281873_23ch0,1
1749738_20ch0,2
2391242_25ch0,0
1849162_19ch1,0
650272_20ch0,1
2170675_25ch1,1
1444572_20ch1,0
1334686_19ch0,1
1061164_19ch1,1
308118_20ch0,1
1810286_23ch1,1
2079101_25ch1,0
2083327_19ch1,1
1101978_20ch1,2
2278775_19ch1,1
424695_25ch1,1
292532_07ch0,1
364234_08ch1,0
72895_06ch0,1
577775_08ch1,1
2490230_20ch0,1
801293_19ch0,2
387618_30ch0,0
2054225_20ch0,1
54065_23ch0,1
1251870_23ch0,0
1202224_19ch1,1
677061_19ch1,1
808843_30ch1,1
1911454_23ch0,1
1382124_19ch1,1
1074093_25ch1,3
645253_25ch0,4
1655151_20ch0,1
1404848_23ch1,1
1343334_25ch0,1
1755361_25ch1,1
4675_02ch0,1
414537_19ch0,1
1086337_19ch1,1
833001_19ch0,1
1693058_23ch1,1
1840545_19ch1,2
2551305_25ch1,1
222948_02ch1,3
1565965_25ch1,1
1882532_20ch1,2
810470_23ch1,1
365960_08ch1,1
271696_20ch1,1
1636869_23ch1,1
2061857_20ch0,1
1650495_23ch0,1
569620_20ch0,2
2224652_25ch0,3
2190663_25ch0,1
589290_23ch0,1
555359_20ch1,1
560487_23ch0,1
1551208_23ch1,1
1469690_19ch1,1
1321544_25ch0,1
1575498_20ch1,2
435281_23ch1,1
1327930_23ch0,1
1218139_19ch1,1
81897_19ch0,1
1688270_25ch1,1
277184_19ch0,1
118149_06ch0,1
1223341_25ch1,1
2033815_25ch1,2
2080637_19ch1,1
1003024_19ch1,2
69817_01ch0,1
2132558_19ch0,1
527594_07ch0,0
1852172_25ch0,1
1937203_23ch0,1
675791_30ch1,1
323862_02ch1,1
1439998_23ch1,1
31243_20ch1,1
1353857_19ch1,1
1897080_23ch0,1
217415_20ch1,1
30087_06ch0,1
1915684_25ch1,1
2234133_19ch1,1
2221769_20ch0,1
2373438_20ch0,1
1374293_20ch1,1
1212369_19ch1,1
1086342_19ch0,1
13753_07ch1,1
2065459_25ch0,1
1580385_20ch0,0
282617_29ch0,1
605135_30ch1,1
2207494_20ch1,1
1639012_25ch0,1
130491_08ch0,1
2045386_19ch0,1
1549367_19ch1,1
104864_23ch0,1
1104457_20ch1,1
1246817_19ch1,1
617439_30ch1,1
846949_25ch0,1
1785274_19ch0,1
1845451_20ch1,1
784510_30ch1,1
164040_06ch1,1
2204843_19ch0,1
360971_19ch1,1
1402337_23ch1,1
422714_19ch0,1
1533793_19ch0,1
2178940_19ch0,1
372416_08ch1,1
864382_25ch0,1
1860507_20ch0,2
947509_23ch1,1
320673_08ch0,1
1725473_19ch1,1
312100_20ch1,1
878598_23ch0,1
1315826_25ch0,1
502498_30ch0,1
768679_30ch1,1
133819_19ch1,2
238570_20ch1,1
1833262_20ch0,2
138486_30ch1,3
474079_19ch1,1
2529844_25ch1,2
22818_06ch1,1
1345756_25ch1,1
1247447_23ch1,1
1303192_23ch1,1
402253_06ch0,1
1619340_20ch1,0
569372_30ch0,1
838858_19ch0,1
1278780_19ch1,1
1076841_25ch0,1
817863_07ch1,1
966547_19ch0,1
287440_08ch0,1
1213614_19ch0,1
1689416_19ch0,1
2394_26ch1,9
363239_02ch1,1
622552_23ch1,1
1942617_20ch1,1
2029697_19ch0,11
411458_08ch0,1
624233_30ch0,1
200768_08ch1,1
948878_20ch1,1
2012348_19ch1,1
1943718_20ch1,1
2190406_25ch1,1
1877298_20ch0,2
1315458_19ch1,1
1541857_23ch1,1
780134_20ch0,1
1952692_20ch0,1
60381_23ch1,1
254671_07ch0,1
1295747_19ch0,1
1777866_23ch0,1
1911518_20ch0,1
465065_07ch1,1
254796_08ch0,1
2532560_20ch1,1
807156_23ch1,1
1682624_25ch0,1
787213_30ch1,1
1804839_25ch0,1
408922_01ch1,1
996040_20ch0,1
205921_06ch1,2
732784_30ch1,1
427635_23ch1,1
128336_08ch1,1
245835_27ch0,1
1406534_19ch0,1
2357864_25ch0,1
2151150_19ch1,1
1028754_19ch1,1
1720774_25ch0,2
2577068_25ch1,1
418127_19ch0,1
1614117_25ch0,1
1363690_23ch0,1
1762043_25ch1,1
910867_25ch1,2
1451480_23ch1,1
1736625_19ch1,1
157603_19ch0,1
440711_07ch0,1
2367842_25ch1,1
1298781_19ch0,1
1093343_20ch0,1
1624094_19ch1,1
411824_23ch1,1
2235282_25ch1,1
1971709_19ch0,1
1583777_20ch1,2
2397057_20ch1,1
1470501_23ch0,1
1647932_23ch0,1
1338582_25ch1,1
2071659_25ch1,2
523159_23ch1,1
1325167_20ch0,6
2189776_25ch0,2
1156376_19ch0,1
151668_23ch1,1
257612_06ch0,3
17773_19ch1,1
2280205_19ch1,2
887513_23ch1,1
1384162_23ch0,1
1608299_25ch0,3
386454_06ch0,1
65048_23ch0,1
1336502_23ch1,1
339692_02ch1,1
160311_08ch0,1
744587_25ch0,1
1634344_20ch1,1
1565657_20ch0,1
1811740_20ch0,1
1351221_19ch1,1
806760_07ch1,1
2212925_19ch0,1
1248798_25ch1,1
2144307_25ch1,1
2341815_19ch1,1
1579796_25ch1,2
1890952_23ch1,1
2302596_25ch1,1
1653905_25ch1,1
1780247_25ch0,1
342422_08ch0,1
193008_01ch1,1
2006095_23ch0,1
101529_23ch0,1
973430_19ch0,1
1901595_25ch1,1
1984927_19ch1,1
1194650_23ch1,1
1104770_23ch0,1
1695603_25ch1,2
2249061_25ch1,1
447074_08ch0,1
1958197_23ch0,1
512157_06ch0,1
218595_08ch0,1
306005_20ch0,1
2451369_20ch0,1
250130_19ch0,1
2266982_25ch0,7
2091697_25ch0,1
1373250_25ch0,1
594534_30ch1,1
1311529_23ch1,1
1302904_20ch1,1
111792_02ch0,1
1963621_20ch0,0
1345365_25ch0,1
2058292_19ch0,1
1344447_23ch0,1
278985_29ch0,1
344030_06ch0,1
1846101_25ch0,1
1890557_20ch1,1
1423023_23ch0,1
372666_20ch1,1
647884_19ch0,1
261925_23ch0,1
916332_23ch1,1
1692701_25ch0,1
1549028_25ch0,1
900809_25ch0,1
1200381_20ch0,1
292503_08ch0,1
2490577_20ch1,1
884386_20ch1,1
2172559_25ch1,1
532069_23ch1,1
940532_20ch0,1
1607139_23ch0,1
24625_20ch1,1
430578_19ch0,1
1556065_20ch0,1
1133270_19ch1,1
532628_25ch0,1
2029119_20ch0,1
800286_19ch0,1
1237949_23ch1,1
949420_23ch0,1
2022939_19ch0,1
1467700_19ch0,1
1155527_19ch0,1
1137543_20ch0,1
1504422_19ch0,1
267549_07ch0,1
2661056_25ch1,0
1736739_25ch0,1
1133733_19ch0,1
1240716_25ch0,1
794356_25ch0,1
1505433_23ch0,1
37518_20ch0,1
45794_20ch1,1
1990713_23ch0,1
159369_01ch0,1
1689291_20ch0,2
982002_19ch1,1
283550_19ch1,1
1255886_25ch0,1
1066872_23ch1,1
2056010_20ch1,1
1711152_20ch1,1
1867061_20ch0,2
1288619_23ch1,1
41897_20ch0,2
2522704_20ch1,1
526988_23ch1,1
2004534_20ch0,1
1537441_19ch1,1
104827_01ch0,2
1486268_20ch1,1
1201630_23ch1,1
1227304_25ch0,1
707666_20ch1,2
92627_20ch0,1
1575353_23ch0,1
697842_19ch1,1
626707_25ch1,6
869324_25ch0,1
349107_23ch0,1
397718_23ch1,1
1185128_19ch1,1
280935_07ch1,4
202408_08ch1,1
1206590_25ch1,1
159300_08ch1,1
38334_07ch0,1
731115_23ch0,1
581161_23ch0,1
1463547_20ch1,2
2394017_19ch1,1
1888303_19ch1,1
2294519_20ch0,0
2284219_19ch1,1
447225_20ch1,1
196774_06ch1,3
7021_26ch0,9
1461926_19ch1,1
190825_02ch1,1
1707897_25ch0,3
1158697_23ch1,1
2454551_25ch0,1
1340566_19ch0,1
1748074_20ch1,2
1863198_19ch1,1
790471_25ch0,2
306366_19ch1,4
303787_02ch1,1
1950846_23ch0,1
1966122_25ch0,3
1744965_23ch0,1
1988471_20ch1,1
1294865_20ch1,1
1753943_20ch0,11
413780_06ch0,1
187024_06ch0,1
1142610_19ch0,1
1859073_25ch0,1
1229178_20ch0,1
1845452_25ch1,1
1644908_25ch1,2
1375606_23ch1,1
2179720_25ch1,1
2423113_20ch1,1
794993_25ch1,1
799423_25ch0,1
562555_06ch1,3
151601_08ch1,1
1820590_19ch0,2
1884064_23ch0,1
1230016_20ch0,1
1148412_23ch1,1
1947234_23ch0,1
2069165_25ch1,3
1587840_25ch1,3
26811_27ch1,0
1272765_19ch1,1
618082_25ch1,1
289997_01ch1,1
1128589_25ch1,1
856043_23ch1,1
561946_30ch0,1
2171250_19ch1,1
185658_06ch1,1
372239_08ch1,1
922535_25ch1,2
479403_23ch1,1
232876_23ch1,1
141865_19ch1,2
1766493_25ch0,1
1614159_23ch0,1
1297761_20ch1,1
114632_23ch0,1
912384_25ch1,1
350273_23ch0,1
2186242_25ch0,2
2570719_25ch1,1
199236_07ch1,1
1311910_20ch1,1
1714321_20ch1,1
1217979_25ch1,1
1606316_23ch0,1
512487_23ch1,1
279456_01ch1,1
2390951_25ch0,1
1425820_20ch0,1
2118601_25ch0,1
462704_23ch0,1
1723726_19ch1,1
1892949_19ch0,1
242662_06ch0,1
206594_06ch1,3
2145427_20ch0,1
2443397_25ch0,1
171187_01ch0,1
609772_23ch0,3
828588_20ch1,1
2313125_19ch0,1
584641_23ch1,1
1708194_25ch1,1
389854_19ch1,1
119092_23ch1,1
16037_01ch1,1
525114_25ch0,1
2022309_19ch0,1
576016_25ch0,1
1776085_25ch0,1
1643560_25ch0,1
885375_19ch1,1
2627494_25ch1,1
1917728_25ch1,11
200213_19ch1,1
355020_06ch1,1
544365_19ch0,1
1549588_23ch1,1
1493521_25ch0,1
682377_07ch1,1
951318_19ch1,1
2460743_25ch0,1
2255677_20ch1,1
609660_25ch0,3
368139_06ch0,1
775529_25ch1,1
8587_26ch0,9
1251660_25ch0,1
188019_27ch1,9
303969_20ch0,1
352668_19ch1,1
876365_23ch0,1
375881_19ch0,1
1561217_25ch0,1
869796_25ch0,1
1751830_25ch0,1
2210773_25ch1,1
839710_25ch0,2
38391_20ch1,1
283012_23ch0,1
388952_25ch0,1
316613_19ch0,1
1005096_19ch0,1
338707_01ch1,1
211890_23ch0,1
770054_25ch1,9
322283_06ch0,1
907063_19ch1,1
1938295_20ch1,1
2258400_19ch1,1
153499_20ch1,2
658480_25ch0,1
325898_20ch1,1
557868_19ch1,1
1255410_25ch0,1
47487_19ch1,3
1209471_25ch1,1
197511_23ch1,1
1425501_25ch0,3
1364342_20ch1,1
344382_23ch0,1
292203_23ch0,1
1704765_20ch0,1
1502093_20ch0,1
1969379_25ch1,1
421613_08ch0,1
1956808_25ch0,2
2109806_19ch1,1
1092780_19ch1,1
922051_20ch1,1
1658831_20ch1,1
1647963_20ch1,1
708785_30ch0,1
394463_08ch1,1
310213_20ch1,1
691155_19ch1,1
343071_23ch1,1
127660_08ch1,1
2592_03ch0,1
232907_08ch1,1
312390_08ch0,1
2452788_25ch1,1
295973_19ch0,1
748785_30ch0,1
427130_19ch1,1
1950255_19ch1,1
2302755_25ch1,1
585358_20ch0,2
871094_19ch1,1
1905954_20ch1,1
416832_23ch0,1
681117_30ch0,1
966830_25ch1,1
178213_30ch0,1
1862111_25ch1,1
2137268_19ch1,1
953845_25ch1,0
2306430_19ch0,1
2146783_19ch0,1
641711_20ch1,1
1495051_25ch0,1
1664722_25ch0,1
300533_07ch1,1
1604221_19ch1,1
329980_08ch0,3
1887014_20ch0,11
2652397_25ch1,1
1442275_20ch1,1
2275641_25ch0,1
1944851_25ch0,1
1568257_20ch0,1
2225814_20ch0,1
1883765_25ch1,2
975287_23ch0,1
1053214_23ch0,1
2145281_19ch0,1
1838579_19ch0,1
973979_25ch1,1
371851_06ch1,1
2137940_19ch0,3
2497892_25ch1,1
1038701_19ch0,1
2283032_19ch0,1
1251342_25ch0,1
977139_19ch1,1
260891_01ch1,1
421473_23ch1,1
1986475_25ch1,1
1272804_20ch0,1
2002810_19ch1,1
1130671_23ch0,1
956253_19ch0,1
2024982_25ch0,1
1028232_19ch0,1
182899_23ch0,1
2483569_25ch1,1
699122_30ch0,1
4334_07ch1,1
1571094_20ch0,1
1083476_23ch0,1
1437487_19ch1,1
336188_19ch0,1
1257158_23ch0,1
423320_19ch0,1
2599457_25ch1,1
1448201_25ch1,1
1216644_19ch0,1
837384_30ch1,1
1403284_25ch0,1
2605888_25ch1,1
1781598_25ch1,2
143503_23ch0,1
340658_02ch1,1
264419_19ch1,2
1103153_19ch0,1
1500921_25ch1,1
1711870_19ch0,1
1860628_20ch0,1
11567_06ch0,1
2162066_19ch0,1
176517_08ch1,1
339711_30ch0,1
1212861_25ch1,1
1110517_19ch0,1
687958_23ch1,1
1326183_25ch0,2
116137_08ch0,1
1377861_25ch0,1
1731423_20ch0,1
172800_08ch0,1
453115_07ch0,1
1710119_25ch0,1
1987095_25ch1,1
1670316_20ch1,1
370228_02ch1,3
1736024_23ch1,1
179497_06ch1,3
863359_23ch1,1
1357632_23ch1,1
1888625_23ch0,1
1728630_20ch1,1
446473_06ch1,1
2476499_25ch0,1
746356_30ch1,1
139069_30ch1,3
449820_20ch0,1
1700750_23ch0,1
2133129_20ch1,1
2358496_25ch1,1
2033924_23ch1,1
53269_23ch1,1
2139389_20ch1,1
619376_25ch0,1
1987148_25ch0,1
1260613_23ch1,1
1916199_20ch0,1
250285_02ch0,1
1504795_23ch1,1
989913_19ch1,1
1135580_19ch0,1
1227533_25ch1,1
1353940_25ch1,1
217511_19ch0,1
2159732_25ch1,1
349860_06ch0,1
378352_20ch0,1
1688403_25ch0,1
434138_07ch0,1
375405_20ch1,1
1624883_23ch0,1
129939_20ch1,1
677807_23ch0,1
458922_07ch1,1
1114578_25ch0,2
1233252_25ch0,2
2312695_25ch1,2
199680_06ch1,1
1131746_19ch0,1
586876_30ch0,1
1833516_25ch1,1
698118_20ch0,1
2440411_25ch0,1
132603_27ch0,3
2005395_25ch0,1
690872_20ch0,1
889401_25ch0,1
2065495_20ch1,1
2622885_25ch1,1
1775295_23ch0,1
636148_19ch0,1
791805_30ch1,1
166477_19ch1,1
1084582_20ch0,0
1256132_19ch0,1
1412665_25ch1,1
2300909_25ch0,2
127056_23ch1,1
620119_25ch0,1
2229446_25ch1,1
11473_07ch1,1
616502_19ch1,1
47164_19ch1,1
1112503_19ch0,1
2080121_19ch0,1
758445_19ch1,1
1516921_25ch1,0
1675407_25ch0,7
1011939_25ch0,1
1302537_19ch1,1
403589_19ch0,1
429498_19ch1,1
2105228_25ch1,1
323270_02ch0,1
2606452_25ch1,1
560371_06ch1,3
254897_20ch0,1
683955_23ch0,1
1087005_23ch1,1
778209_25ch0,2
672702_30ch1,1
331460_30ch0,1
1892284_23ch0,1
550270_25ch0,1
1612210_20ch1,11
1140407_19ch1,1
2361837_25ch0,1
1146145_25ch1,3
2247981_19ch1,1
281758_20ch0,1
2095499_25ch1,1
2400026_25ch1,1
95223_27ch1,1
256757_01ch0,1
354921_08ch1,1
341165_06ch0,1
863718_20ch0,1
734723_19ch1,1
1687760_20ch0,1
541058_20ch1,2
227361_08ch0,1
112457_20ch1,1
290266_01ch1,0
985382_20ch1,1
1093402_19ch0,1
1917637_25ch1,2
304439_20ch1,1
1005186_19ch1,1
116297_08ch0,1
1252793_25ch1,1
57784_23ch1,1
1802221_19ch1,1
196156_08ch0,1
145498_06ch0,1
2477038_25ch1,1
743176_07ch1,1
448783_08ch1,1
323341_20ch0,1
168889_07ch0,1
1576043_25ch1,1
106714_23ch1,1
238660_20ch1,1
1809720_19ch0,1
1841034_20ch0,1
124883_23ch0,1
1235445_23ch0,1
318394_20ch0,1
652424_07ch0,1
1338638_23ch0,1
43446_19ch0,1
472566_07ch1,1
2365409_20ch0,1
421730_19ch0,1
1797108_20ch0,1
1972454_23ch1,1
2058967_25ch0,1
1359291_25ch0,1
1869586_19ch0,1
857550_23ch1,1
688975_30ch0,1
655474_30ch0,1
1892557_19ch0,1
146705_20ch1,2
358443_02ch1,1
1561655_23ch1,1
1714369_20ch0,2
413027_01ch1,1
941366_20ch0,1
91070_23ch1,1
1158938_19ch0,1
165831_08ch0,1
814718_19ch1,1
495611_08ch1,1
1225633_25ch0,1
1093288_19ch1,1
2079562_25ch1,1
2400303_25ch1,1
2219658_25ch1,1
385572_06ch0,1
1452613_19ch0,1
1536366_23ch1,1
2375287_25ch0,1
305224_23ch1,1
1274621_19ch0,1
933604_23ch1,1
1174644_25ch1,1
396271_07ch0,1
2123483_19ch0,1
1738519_19ch0,1
2119494_20ch1,1
139339_08ch1,1
1012340_25ch1,1
106431_23ch1,1
813781_19ch1,1
718809_07ch1,1
1553090_20ch0,1
644532_23ch1,1
1810053_23ch1,1
427416_08ch0,1
636034_25ch1,1
1386455_25ch1,1
1744523_23ch0,1
1638141_25ch1,1
1361964_25ch1,1
1733957_25ch0,1
1181888_19ch1,3
878642_19ch0,1
810608_20ch1,1
1879427_20ch0,1
1769434_20ch1,1
1953235_23ch1,1
1199791_23ch1,1
326706_19ch1,1
1872749_19ch1,1
674608_25ch1,2
1777667_20ch0,1
257934_23ch1,1
1407003_19ch1,1
247026_23ch0,1
1837174_25ch0,11
2619797_25ch1,1
275056_07ch0,2
2087976_19ch0,1
1638500_20ch0,1
827816_23ch0,1
386816_07ch0,1
1732370_19ch1,1
201163_23ch1,1
1255020_19ch1,1
679145_20ch0,1
534824_20ch1,1
916947_23ch1,1
2214100_19ch1,1
1468726_23ch1,1
1302577_19ch1,1
523076_06ch1,3
28101_23ch1,0
674434_19ch1,1
656119_30ch0,1
915836_19ch1,1
2423033_20ch0,1
1793451_20ch0,1
2010836_23ch0,1
2160282_19ch0,1
400306_30ch0,1
1008400_20ch0,1
943872_23ch0,1
310119_06ch0,1
1015503_23ch1,1
848437_20ch0,1
2147000_20ch0,1
1199101_19ch1,1
842806_23ch1,1
1977359_23ch1,1
1600356_20ch0,11
1281374_25ch0,1
598506_30ch0,1
1450993_19ch0,1
377309_06ch0,1
1212656_19ch1,1
1989576_23ch1,1
1808142_19ch1,1
805624_25ch1,1
336277_02ch0,2
1976232_23ch0,2
1497509_20ch0,1
1343070_19ch1,1
1210666_23ch1,1
64481_23ch1,1
1487654_19ch1,1
528635_19ch0,1
606959_30ch0,1
221764_23ch0,1
1800677_25ch1,1
359956_08ch1,1
1087654_20ch1,6
1767818_23ch0,1
1741451_20ch0,1
1929982_23ch0,1
710374_23ch0,1
2262070_25ch0,1
1470637_25ch0,1
2299550_19ch1,1
722012_25ch0,1
1347754_23ch1,1
989998_25ch0,1
1226892_20ch0,1
1427057_20ch0,1
1513688_23ch0,1
197479_02ch1,1
674538_19ch1,1
934788_23ch1,1
850604_19ch0,1
462966_19ch1,1
123217_27ch0,0
2569591_25ch1,6
518813_30ch0,1
1355452_19ch1,1
95616_23ch0,1
185227_02ch0,1
426317_06ch1,1
1900428_20ch1,1
675457_07ch0,1
181355_01ch0,1
2181378_19ch1,1
410571_07ch1,1
401784_06ch0,1
279904_07ch0,1
24001_07ch1,1
1858279_20ch0,1
2366899_19ch1,1
8887_02ch0,9
85300_19ch0,1
666709_30ch1,1
819682_23ch1,1
274527_29ch0,0
2263949_25ch1,1
1635599_25ch1,2
1642432_20ch0,7
1619305_20ch0,1
698286_23ch1,1
1492848_25ch0,1
1657277_25ch0,1
650195_23ch1,1
599027_20ch0,1
1128966_19ch0,1
2005821_25ch0,1
1122610_23ch1,1
391992_20ch1,1
287067_01ch0,1
1072967_19ch1,11
1983300_19ch1,1
429546_19ch1,1
2149069_25ch0,1
1083267_23ch0,1
267241_08ch1,1
1760805_20ch0,1
631303_25ch0,1
1712832_25ch0,1
1141825_19ch0,1
276089_29ch0,1
619761_23ch0,1
759794_23ch1,1
946999_23ch0,1
324650_19ch0,1
1702965_19ch0,1
1171622_25ch0,1
1125437_19ch1,1
823666_25ch0,1
2174867_25ch0,1
2163482_25ch0,1
192790_06ch1,1
194284_01ch1,1
1077226_23ch1,1
1077153_25ch0,6
1853568_20ch0,1
1943060_23ch0,1
1442314_23ch1,3
274304_23ch0,1
522074_06ch0,3
1266878_19ch0,1
1087691_23ch0,1
969144_20ch0,1
216163_06ch0,1
1686956_19ch1,1
1225311_19ch1,1
387324_01ch0,1
2110925_20ch0,1
2164402_25ch0,1
757476_19ch1,1
772152_25ch0,1
331188_06ch0,1
1776945_23ch1,1
1963106_19ch1,1
2404357_20ch0,1
1009893_23ch1,1
321140_23ch0,1
1065178_23ch0,1
411262_06ch0,1
1375535_25ch0,0
1886357_19ch0,1
2402379_19ch1,1
1266500_25ch1,1
378790_20ch0,1
1804224_20ch0,2
2572831_25ch1,2
170452_20ch1,1
301275_01ch1,1
245577_19ch0,2
2341939_19ch0,1
1168116_20ch1,1
651939_25ch0,1
688113_30ch0,1
1050099_20ch1,1
1340731_20ch0,0
1935849_20ch0,1
552275_25ch0,2
681470_19ch0,1
1351608_20ch1,2
2038496_23ch1,9
1370926_19ch0,1
260503_08ch0,1
981864_23ch0,1
1640906_20ch0,6
615973_30ch1,1
2185151_25ch1,1
1543326_25ch0,1
2378149_20ch1,1
1828011_20ch0,1
609850_25ch0,1
287232_20ch1,1
1701988_19ch0,1
1655025_25ch0,3
495814_20ch1,1
2024426_19ch0,1
1135676_20ch0,6
562415_23ch1,1
1169600_19ch1,1
1540979_23ch0,1
2016313_20ch0,1
480409_19ch0,1
1348130_19ch1,1
601048_23ch1,1
2342501_19ch0,1
1665486_23ch0,1
2025892_19ch0,1
1395740_19ch0,2
1778135_19ch1,1
2566102_25ch1,1
1969311_25ch1,1
511694_19ch1,1
292605_23ch1,4
1838159_19ch1,1
1209598_19ch1,1
1288020_23ch0,1
279892_01ch1,3
1513115_20ch1,1
1242918_20ch1,1
1454816_19ch1,1
1462094_25ch1,1
1080014_23ch1,1
1937139_20ch1,1
12387_27ch1,0
2234989_25ch1,2
781310_23ch0,1
669180_25ch1,1
505518_23ch0,1
1131152_25ch1,1
784965_25ch0,1
523156_06ch0,6
2625696_25ch1,1
355785_02ch0,1
2502924_25ch1,0
1290640_25ch1,3
150705_08ch1,1
747063_07ch0,1
1923811_25ch0,1
342002_08ch0,1
504113_06ch1,1
921819_20ch1,1
717114_30ch1,1
1826416_20ch0,11
1584452_25ch0,1
1697924_25ch1,1
1381427_23ch1,1
1988754_23ch0,1
172833_08ch1,1
546817_23ch1,1
163739_23ch1,1
1025286_25ch0,1
533700_23ch1,1
250991_19ch1,1
30783_02ch0,1
1842351_23ch0,1
1660035_25ch1,1
416931_19ch1,1
58335_26ch0,1
2261910_19ch0,1
186669_23ch0,1
413960_08ch1,1
389053_06ch0,1
37180_26ch0,1
582454_19ch0,1
1924291_25ch0,1
2039802_20ch0,1
1643551_20ch1,1
1389137_20ch1,1
528195_30ch0,1
2176803_19ch0,1
408803_19ch1,1
1513078_19ch1,1
861241_23ch0,1
2040753_20ch1,1
1764926_23ch0,1
1453643_19ch1,1
1608549_25ch1,1
1652240_20ch0,1
365347_06ch1,1
1061122_20ch1,0
1727684_25ch1,1
1083509_19ch0,1
1301554_25ch1,1
1051240_20ch0,1
930772_20ch0,1
957194_23ch1,1
2317896_25ch1,1
642766_19ch1,1
170660_19ch0,1
290793_02ch1,1
2363951_20ch0,1
2495922_25ch0,1
449864_19ch1,1
1651102_23ch0,1
389087_23ch0,1
79041_02ch0,1
682910_07ch0,0
482167_25ch0,0
1698821_23ch0,1
457481_08ch0,1
156944_20ch0,1
1576884_25ch0,1
734603_07ch1,1
1299994_20ch0,1
1495125_25ch1,1
282117_19ch1,1
1330044_20ch0,1
2016333_19ch0,1
347044_06ch0,1
47900_23ch0,1
825773_23ch0,1
1435761_19ch0,1
1915208_25ch1,1
187327_20ch1,1
347331_06ch0,1
1792537_20ch0,1
1257746_19ch0,1
408732_08ch1,1
344387_08ch0,1
2389740_20ch0,1
1658022_20ch0,2
1709127_19ch1,1
2253966_25ch1,1
498470_08ch1,1
1789356_25ch0,1
358719_23ch0,1
727090_20ch0,0
2243902_25ch1,1
1043233_25ch0,6
2098030_25ch1,1
1159030_20ch0,11
1998611_25ch1,1
2353734_25ch1,1
1410562_19ch1,1
344161_19ch1,1
585105_25ch0,2
156349_23ch0,1
131952_07ch0,1
621365_23ch1,1
524223_19ch0,1
1817452_23ch0,1
828264_23ch1,1
324793_06ch1,1
118176_19ch1,1
1956405_25ch0,1
326454_19ch1,1
527616_06ch1,1
861710_23ch1,1
1634618_23ch1,1
1557138_19ch0,1
2301007_19ch1,1
716504_07ch1,1
196556_06ch1,3
2240736_19ch1,1
280794_23ch0,1
1897879_25ch1,6
977876_23ch0,1
1440334_19ch1,1
1450211_23ch0,1
1205083_23ch0,2
1545299_23ch1,1
968006_25ch0,3
1817608_20ch1,1
2133531_20ch1,1
2376617_25ch0,1
690485_20ch1,2
1662905_19ch1,1
973115_20ch0,1
441455_06ch1,1
403955_06ch1,1
1999914_25ch1,1
426835_20ch0,1
191385_23ch0,1
1563223_23ch1,2
1433116_20ch1,1
1828754_23ch0,1
193982_02ch1,1
313234_19ch0,1
1348714_25ch0,1
1970184_25ch0,1
1863301_23ch0,1
1154097_19ch1,1
914300_23ch0,1
540291_30ch1,0
1310389_19ch0,1
798967_25ch0,2
488434_19ch1,1
216695_07ch0,1
1371748_25ch0,1
137783_23ch1,1
1293799_19ch0,1
1938230_20ch1,1
651488_25ch1,1
775250_25ch1,3
311211_08ch0,1
1124232_25ch0,2
675383_19ch0,1
1689207_25ch1,1
1146735_25ch1,1
274915_07ch0,1
1100773_25ch0,2
1893590_25ch1,1
2357977_25ch0,1
2087912_19ch1,1
2205637_25ch0,3
2407505_25ch1,1
1229481_25ch1,1
2016821_25ch0,1
400485_06ch1,1
380894_08ch0,1
905559_20ch0,1
639299_20ch0,1
2358363_20ch1,1
429645_19ch1,1
166749_08ch1,1
944121_25ch1,2
2177389_25ch1,1
185984_01ch1,1
1231600_25ch0,1
2409121_20ch1,2
889753_20ch1,1
1461469_19ch1,1
1702321_25ch0,1
1630948_25ch0,1
213035_06ch1,3
1699222_25ch1,2
1091850_19ch1,1
2148523_20ch1,1
2284831_20ch0,1
341377_23ch0,1
2071707_19ch0,1
235123_07ch1,1
39985_20ch0,1
63348_19ch1,1
1810840_20ch0,1
762519_19ch0,1
324479_23ch0,1
1542098_19ch0,1
240206_08ch1,1
451671_08ch1,1
2096716_25ch1,1
1870421_19ch1,1
1269486_25ch1,1
2619257_25ch1,7
286119_08ch1,1
1006285_23ch0,1
1914565_19ch0,0
1720958_25ch0,1
409769_08ch0,1
4564_02ch1,1
2009817_19ch1,1
2463049_20ch1,2
1306965_25ch0,6
941738_19ch0,1
2038446_25ch0,1
1368553_19ch1,1
133523_27ch0,2
446780_06ch0,2
2182119_25ch0,11
272088_01ch1,1
2479696_25ch1,1
1513963_23ch1,1
267679_19ch0,1
1670457_25ch0,3
1698923_23ch0,1
1449670_25ch0,1
39807_07ch0,1
286418_06ch1,1
751919_30ch0,1
196161_06ch0,1
2063984_19ch1,1
363514_23ch1,1
151523_07ch0,1
2215956_19ch1,1
18855_26ch1,1
957034_23ch1,1
293668_23ch1,1
945259_20ch0,1
1393504_19ch1,1
2328875_25ch0,1
2197175_19ch0,1
463893_19ch0,1
158492_23ch1,1
1566251_20ch1,2
1523091_25ch1,7
363466_02ch1,1
2213067_20ch1,1
863306_19ch1,1
1259870_19ch0,1
822385_30ch1,1
1979167_25ch1,1
1137740_23ch0,1
872482_23ch1,1
376335_23ch0,1
2058371_20ch0,1
688236_19ch1,1
11982_19ch1,1
75366_20ch0,1
404959_20ch1,1
191547_01ch1,1
538049_20ch0,1
1979738_25ch0,1
687588_07ch0,1
233964_23ch0,1
1971917_19ch1,2
2619739_25ch1,1
483973_23ch0,1
1601996_20ch1,2
293535_01ch1,1
338947_23ch0,1
2311858_25ch1,1
1789038_25ch1,6
25972_19ch0,1
225693_19ch1,1
2430986_25ch0,1
1853026_25ch0,1
1325126_23ch1,1
1531854_25ch1,0
226527_08ch1,1
1484647_23ch1,1
1168188_19ch1,1
2064630_20ch0,1
1196095_25ch0,1
146354_08ch1,1
174106_07ch1,1
2461631_25ch1,0
288197_19ch1,11
1071358_20ch1,1
953256_19ch1,1
318530_01ch1,1
586935_20ch0,1
113477_23ch1,1
1194214_25ch0,1
1524786_25ch1,1
1367424_25ch0,1
322731_06ch0,1
37143_20ch0,1
1229905_23ch1,1
501113_25ch0,1
1421122_23ch1,1
420039_07ch1,1
2252388_25ch1,1
2378527_20ch0,2
746998_25ch1,1
1708041_23ch1,1
1729210_19ch0,1
320284_01ch0,1
356186_02ch0,1
582885_19ch1,1
84019_23ch1,1
496568_08ch1,1
1042476_19ch0,1
421517_02ch0,1
884386_25ch0,1
2384837_20ch0,1
865026_25ch0,1
789567_30ch1,1
1513332_20ch1,1
355656_08ch0,1
1402169_25ch0,3
527536_06ch0,1
1890710_19ch1,1
264506_06ch1,1
622085_30ch1,1
767651_25ch1,1
2633522_25ch1,1
344546_19ch1,1
1294271_25ch0,1
2345382_19ch0,1
2412713_25ch0,1
1628285_25ch0,1
2646967_25ch1,1
622023_30ch0,1
939528_19ch1,1
1806068_20ch1,1
213443_19ch0,2
394295_19ch1,1
198578_07ch1,1
388821_20ch0,1
1967646_23ch0,1
1533225_25ch1,1
624044_25ch1,1
1244201_19ch1,1
1571525_20ch0,1
1105510_25ch1,2
1855144_25ch0,1
1694096_19ch0,1
607230_23ch0,1
1510422_25ch1,1
295065_23ch1,1
1143227_20ch0,1
2218304_19ch1,1
1796830_23ch1,1
1957139_23ch1,1
130309_06ch0,2
432251_08ch1,1
1554769_19ch1,1
355405_08ch0,1
2248348_25ch1,1
125691_06ch0,1
348185_20ch0,1
552514_23ch0,1
141832_02ch0,0
489875_19ch1,9
1138833_23ch0,1
283212_08ch1,1
1513814_19ch1,1
627775_07ch0,11
394499_02ch1,1
611523_23ch1,1
744226_19ch0,1
505522_19ch1,3
1053524_20ch0,1
1585551_23ch1,1
831697_19ch1,1
499855_08ch1,1
112000_01ch0,1
161325_23ch0,1
651629_30ch1,1
335353_30ch0,1
18154_06ch1,1
1504364_23ch1,1
803710_23ch1,1
78743_19ch1,1
1804790_19ch1,1
223304_27ch0,1
2409616_25ch0,1
2362205_19ch0,1
1083425_19ch1,1
793415_20ch1,2
50463_06ch0,1
209002_20ch1,1
1578734_25ch1,1
341233_30ch0,1
1033649_25ch1,2
1792669_20ch0,2
2317008_19ch0,1
330015_19ch1,1
59504_19ch0,1
1288049_19ch0,1
255140_07ch0,1
1647454_25ch0,3
1911594_25ch1,1
1519865_25ch1,1
522738_20ch0,1
1010794_25ch1,1
1433406_19ch0,1
1849506_25ch0,1
515813_20ch0,1
688849_30ch1,1
2087884_19ch1,1
1951409_23ch0,1
1457213_23ch0,1
546215_19ch1,1
265198_01ch0,1
640554_30ch0,1
226152_08ch1,1
905691_25ch0,1
955742_20ch0,1
2044386_25ch0,1
748095_30ch1,0
205184_06ch1,0
1021154_25ch1,1
142664_06ch0,1
1177902_19ch0,1
1631854_25ch1,1
1964396_25ch1,3
766687_30ch1,1
1746363_19ch1,1
1066563_23ch1,1
1782975_20ch1,1
2498206_25ch0,1
2218493_25ch0,1
435899_06ch1,1
1589764_20ch0,1
677729_25ch0,1
1487187_19ch1,1
2479865_20ch0,1
1597681_20ch0,6
1371788_19ch0,1
1529745_20ch1,1
1943024_20ch1,1
972644_19ch1,1
2441606_20ch0,1
1538909_20ch1,1
2381645_25ch1,1
97049_01ch0,3
1108948_25ch0,1
57910_23ch1,1
607476_20ch1,1
989952_19ch1,1
1167569_19ch0,1
2378137_20ch0,1
61697_20ch1,1
120646_08ch0,1
1868314_25ch0,1
448955_20ch1,1
1184791_20ch1,1
648287_30ch0,1
252873_08ch1,1
2071396_19ch0,1
190207_08ch1,1
252271_20ch0,1
98912_23ch1,1
706858_20ch1,1
1908558_20ch0,1
1956021_23ch1,1
2131967_20ch0,1
1082168_19ch0,1
1458689_20ch1,1
1032302_19ch0,1
19855_19ch1,0
1418927_25ch0,6
1409759_23ch0,1
1275589_25ch0,1
686165_23ch1,1
65865_06ch0,1
1244231_19ch1,1
417486_06ch0,1
1091092_23ch0,1
234417_19ch1,2
408563_08ch0,1
482560_25ch0,1
550703_23ch0,1
1286291_25ch1,0
1754535_20ch1,7
1558244_19ch1,1
1137891_25ch0,1
395611_23ch1,1
804534_30ch1,1
811458_25ch1,7
1321782_23ch0,1
2112040_19ch1,1
224007_30ch1,9
373208_20ch0,0
146355_06ch1,1
1021524_23ch0,1
921053_23ch0,1
1000885_20ch0,1
257722_06ch0,1
2496499_25ch0,4
1039719_19ch1,6
2079868_19ch1,1
1752492_20ch1,1
634144_23ch1,1
786626_25ch0,0
1274195_19ch1,1
1550100_23ch1,1
98784_20ch0,1
1219232_25ch0,1
2224891_20ch0,1
433088_23ch0,1
912301_23ch0,1
1737254_25ch0,1
181452_08ch1,1
557383_25ch1,3
1832783_25ch1,1
99447_08ch0,1
1039961_23ch0,1
2618359_25ch1,1
122033_23ch1,1
728053_20ch0,1
1906941_20ch0,2
493163_19ch1,1
671017_07ch1,0
864993_30ch0,3
433453_07ch1,1
2074940_25ch1,1
296603_08ch0,1
345317_08ch0,1
1736727_20ch1,1
757729_30ch0,1
1704340_20ch1,0
1693240_20ch0,4
737019_19ch0,1
377241_06ch0,1
830533_25ch1,1
1957262_20ch0,1
296920_23ch1,1
2074811_19ch1,1
121315_06ch1,4
1285915_25ch1,1
318515_06ch0,1
1258254_20ch0,1
271696_07ch0,1
336104_08ch1,1
1605791_20ch0,1
365078_30ch0,1
752097_30ch1,1
1325325_20ch1,1
90463_23ch0,1
75053_06ch1,1
38147_20ch1,1
780495_19ch1,1
2150315_25ch1,1
1859046_23ch0,1
1170511_23ch1,1
2451385_25ch0,1
2259020_25ch1,1
1359837_19ch0,1
258014_06ch0,1
2010653_19ch0,1
395862_20ch0,1
181283_23ch0,1
2440022_25ch1,2
296477_02ch1,1
96247_20ch1,1
1371939_23ch1,1
1944915_25ch1,0
520089_06ch1,1
622993_30ch0,1
1300066_19ch0,1
1384867_25ch1,1
114783_27ch1,0
221010_19ch0,1
227257_19ch1,1
141681_08ch1,1
934762_25ch1,1
1501060_19ch0,1
849858_19ch0,6
886700_25ch1,1
1124159_25ch1,1
1871726_20ch0,1
513921_23ch1,3
300879_08ch1,1
1418473_19ch1,1
377399_01ch0,1
229593_19ch0,2
1983034_25ch1,3
1858384_20ch1,2
426023_19ch1,1
1246018_19ch1,1
249443_08ch1,1
743577_23ch1,1
617771_07ch0,0
657581_19ch0,1
367107_08ch1,1
199866_19ch1,11
1678386_25ch1,1
359415_23ch0,1
1034443_25ch0,0
981179_25ch1,1
2288269_20ch1,0
1915655_20ch0,1
698193_07ch1,1
1314277_20ch1,1
205612_23ch1,1
524614_19ch1,1
1275248_19ch1,0
1175256_19ch1,1
495635_20ch1,1
1173845_25ch0,1
1363909_20ch0,0
842118_19ch1,1
833135_20ch0,1
361745_19ch1,1
173907_30ch0,1
907087_25ch1,1
1377274_19ch0,1
358855_19ch1,1
410594_23ch1,1
384767_06ch0,1
1945977_23ch1,1
2242502_25ch0,1
756260_23ch0,1
990348_19ch1,0
1045369_23ch0,1
356092_02ch1,1
1130086_23ch1,1
121027_20ch0,1
117137_08ch0,1
807680_23ch0,1
395565_06ch1,1
151887_20ch0,1
364892_19ch0,1
751127_19ch0,1
695633_25ch1,0
1890769_25ch0,2
2674219_25ch1,1
697520_23ch1,1
2207046_20ch0,1
797954_19ch0,1
647183_30ch1,1
1408828_19ch1,1
1884214_25ch1,0
2155794_19ch0,1
983242_25ch0,1
563840_30ch0,1
1368228_23ch1,1
299876_23ch1,1
1228305_19ch1,1
2129489_25ch1,1
466956_19ch0,1
1349360_23ch0,1
1860426_25ch0,1
357750_23ch1,1
989582_25ch1,2
1795338_19ch0,2
475723_19ch0,1
912425_23ch1,1
466785_08ch0,3
1146703_19ch0,1
180895_23ch1,1
429494_20ch0,1
2069767_19ch0,1
1106682_19ch0,1
893649_25ch1,1
1786113_25ch1,11
103762_23ch1,1
2196679_19ch1,1
195699_30ch1,1
459191_06ch0,3
1117428_25ch1,1
2173259_25ch0,1
252583_07ch0,1
965531_25ch1,1
1726636_20ch1,1
659238_30ch1,1
219103_08ch0,1
1599834_20ch0,1
1369951_23ch1,1
1926279_20ch1,1
571493_23ch1,1
163816_20ch1,1
251470_23ch1,1
1457515_23ch1,1
1366110_19ch0,1
1280579_23ch1,1
960012_23ch1,1
901933_23ch0,1
1150081_25ch1,1
1795860_25ch1,1
407554_19ch0,1
1068718_23ch1,1
636420_23ch1,1
389555_20ch1,0
272692_02ch1,1
517984_06ch1,1
1127620_25ch0,1
1615266_25ch1,0
444329_23ch0,1
623237_23ch1,1
856285_19ch1,1
563635_20ch0,1
98808_20ch1,1
312184_01ch1,1
344241_08ch0,1
923744_19ch0,1
42456_07ch0,1
594044_19ch1,1
2292780_19ch0,2
2022619_25ch0,1
925937_20ch0,1
733480_19ch1,1
277221_08ch0,1
2413308_25ch1,1
829921_23ch0,1
2226927_25ch1,1
2252796_20ch1,1
314466_20ch1,1
444849_30ch1,1
2178292_20ch0,1
1184043_25ch0,1
347407_06ch0,1
1333949_19ch0,1
2298159_20ch1,0
576606_19ch1,1
1880445_20ch1,1
2133703_25ch0,1
2226900_19ch1,1
1704608_20ch0,2
610981_25ch1,1
209642_06ch1,1
1240884_19ch0,1
424265_23ch0,1
1298369_20ch1,11
1698640_25ch0,1
816966_19ch0,1
1943469_19ch0,1
47343_26ch0,6
599249_30ch0,1
2140554_20ch1,1
18593_19ch1,1
1917756_19ch1,1
1059835_25ch1,1
1219659_25ch1,7
2384815_20ch0,1
770966_23ch0,1
627245_30ch0,1
1523148_23ch0,2
1200459_19ch0,1
1860322_20ch1,1
1539779_25ch0,1
1012713_25ch1,0
2083706_19ch1,1
2535813_25ch1,7
676993_23ch0,1
744298_19ch0,1
1437255_19ch0,1
169761_08ch1,1
1425337_23ch0,1
2491579_25ch1,1
2260025_20ch1,1
1448932_25ch0,2
1066155_25ch1,1
340127_08ch0,1
1401424_23ch1,1
1501912_23ch1,1
2268609_25ch0,1
69874_23ch1,1
678687_30ch0,1
1914666_25ch1,1
80716_23ch1,1
1904981_19ch0,1
2240380_25ch0,1
120562_08ch0,1
218815_23ch1,1
430618_23ch1,1
1048790_19ch1,1
269627_01ch0,1
953980_20ch1,1
399997_02ch1,1
1246637_23ch1,3
829942_25ch1,2
1729751_20ch1,1
2642179_25ch1,1
759086_19ch0,1
992336_25ch1,1
1313154_23ch1,0
2257772_19ch1,1
1145246_19ch1,1
1307888_23ch0,1
1090185_25ch1,1
1797625_20ch1,1
1044875_19ch1,1
1050254_19ch0,1
1860218_20ch1,2
1084888_20ch1,1
2114711_25ch0,1
1937757_20ch0,2
2416576_25ch0,7
1003910_25ch1,3
1001285_20ch1,1
408506_20ch0,2
319583_20ch1,1
331162_23ch1,1
1744899_25ch1,1
447597_20ch1,1
542254_23ch0,1
953520_19ch1,1
143966_23ch0,1
1216952_19ch0,1
658988_25ch1,2
1857306_25ch1,1
1943122_19ch0,2
1088158_19ch1,2
324517_19ch1,1
289379_23ch1,1
149404_01ch0,0
2034230_19ch1,1
520145_19ch1,1
1907380_20ch1,1
437382_07ch0,1
110154_23ch1,1
256916_19ch1,2
2377230_19ch1,1
1546113_25ch1,3
2164144_25ch1,3
1036479_20ch0,1
2579055_25ch1,1
115413_08ch0,1
2118925_25ch0,1
443100_06ch0,1
1619526_20ch0,1
292109_01ch0,1
755700_25ch1,1
2211247_25ch1,1
397424_19ch0,1
2076388_19ch0,1
415594_19ch0,1
1166397_19ch0,1
249172_19ch0,0
2536294_25ch1,1
192532_08ch0,1
931045_19ch1,3
1744633_20ch0,2
1842294_20ch0,1
1490870_25ch0,1
1722537_20ch1,4
138653_07ch1,1
1405333_25ch1,1
347612_23ch0,1
328133_19ch0,1
1890381_20ch1,1
689897_25ch1,7
381660_30ch1,9
274588_08ch1,1
1874163_19ch0,6
37763_23ch1,1
2960_07ch0,1
168283_01ch1,1
1437237_25ch1,1
1648076_19ch0,1
137941_27ch0,1
1894229_19ch1,1
818061_19ch0,1
699085_25ch0,1
185242_08ch1,1
1382308_19ch1,1
739962_07ch1,1
1755426_20ch1,1
1723238_25ch1,1
465394_20ch0,1
2025588_25ch0,1
1606146_25ch0,1
1899268_23ch1,1
1285787_19ch1,1
129430_08ch1,0
436718_06ch1,1
1877414_19ch0,1
239424_08ch1,1
125373_27ch0,1
346501_01ch1,1
1055678_20ch0,6
89741_23ch1,1
217297_02ch1,1
998137_20ch0,1
930746_19ch1,1
1293138_19ch0,1
1662365_20ch1,2
1938058_25ch1,1
521520_23ch1,1
925428_19ch0,0
2652642_25ch1,1
128390_19ch1,6
315902_20ch1,1
733471_30ch1,3
1976340_19ch0,1
1452130_25ch0,1
2267086_20ch0,0
1785181_23ch1,1
1034024_23ch0,1
2049986_25ch1,1
1625943_23ch0,3
1997563_19ch0,1
2288857_19ch1,1
2133694_20ch0,1
338296_06ch1,1
1921801_25ch0,2
788417_25ch0,1
1137503_23ch1,1
411141_07ch1,1
1601877_25ch1,1
419758_19ch1,1
58913_06ch0,1
1881091_20ch0,1
1112292_19ch0,1
174442_20ch0,1
316964_08ch0,1
399427_06ch1,1
841085_19ch1,1
443454_20ch0,1
1765834_19ch1,1
1409949_23ch1,1
15556_06ch0,1
1825773_19ch1,1
1626525_23ch0,1
1738529_20ch0,3
474606_07ch1,1
304593_23ch0,2
213946_02ch0,3
2105443_25ch0,1
1184353_19ch0,1
81470_20ch1,1
1062613_25ch1,1
664769_30ch0,1
1931932_20ch1,1
2397833_19ch1,1
1260877_23ch0,1
426483_23ch0,1
998006_25ch1,1
154232_06ch1,0
1184668_19ch1,1
1386451_25ch0,1
282608_23ch1,1
498020_19ch1,0
1442140_19ch0,1
1770148_19ch1,1
373752_23ch1,1
1072314_23ch1,1
1813278_25ch1,1
1840678_23ch1,1
2352059_25ch1,1
887314_23ch1,1
529628_30ch0,1
1190800_25ch0,3
1655150_25ch0,1
922425_23ch1,1
102492_19ch0,1
469979_23ch0,1
739022_30ch0,1
1008351_23ch0,1
1627147_20ch0,0
380412_06ch0,1
1148800_23ch0,1
1433715_25ch1,1
2171698_19ch0,1
634215_23ch0,1
779388_25ch0,1
1012871_23ch0,1
1944778_20ch0,7
151049_08ch1,1
346660_23ch0,1
458725_19ch0,0
72433_06ch0,3
421026_08ch1,1
1097844_25ch0,1
1796051_20ch0,1
1251263_19ch0,1
1952892_20ch0,1
1966533_23ch0,1
1594977_23ch1,1
2350413_25ch0,4
257457_07ch0,1
283682_07ch0,2
1146664_19ch1,1
452164_19ch1,1
975841_25ch0,4
1852361_25ch0,1
1962992_23ch0,1
681603_25ch1,1
1104299_25ch1,1
2609134_25ch1,1
1086165_25ch1,1
321644_20ch0,1
1877939_20ch0,1
1391681_23ch1,1
1813746_25ch0,1
1548110_20ch0,2
561758_25ch0,2
684470_07ch1,1
1031991_23ch1,1
426962_06ch1,1
1531079_23ch0,1
1990611_25ch0,1
1770954_20ch0,1
1881676_19ch0,1
2257689_25ch0,1
1820812_25ch1,0
2395683_20ch1,1
1188682_25ch0,1
1544379_19ch1,1
2077927_19ch0,1
2153394_25ch0,1
1047544_23ch1,1
1242997_23ch1,1
936653_19ch1,1
901441_20ch1,1
2295878_19ch1,1
642506_19ch0,1
416735_06ch1,1
19238_26ch0,1
660192_25ch1,1
613874_23ch0,3
1328485_19ch1,1
360275_06ch1,1
1835982_19ch0,1
1795539_20ch1,1
343930_20ch0,1
1941477_20ch0,1
257128_19ch0,1
2518748_25ch1,1
2043217_23ch1,1
310210_02ch1,1
514451_19ch1,1
1668291_20ch1,1
744693_30ch1,1
1035184_20ch1,1
1420622_19ch0,1
824224_25ch1,1
1089039_23ch0,1
2069689_19ch1,1
1947783_25ch0,1
2464764_25ch0,2
549764_19ch0,1
284572_29ch0,1
1806428_20ch1,1
335705_06ch0,1
1515663_25ch1,1
2284763_25ch0,2
2378223_20ch1,1
530007_30ch1,3
1852552_20ch0,1
2393579_25ch1,0
135104_23ch0,1
356430_23ch1,1
213031_08ch0,1
900479_23ch0,1
828341_20ch1,1
1979512_20ch1,1
89807_20ch0,1
2345906_25ch0,1
674917_25ch1,1
859489_19ch0,1
29289_26ch1,1
1147629_19ch0,1
1720799_23ch1,1
1407090_19ch1,1
339684_19ch1,1
1854383_25ch0,1
142559_02ch1,1
1006414_25ch0,1
2424019_20ch1,1
1656276_23ch0,1
311114_02ch1,3
1797733_20ch1,2
2451761_25ch0,1
459343_20ch1,1
2442528_25ch0,2
1148241_19ch1,1
1777965_20ch1,1
984132_25ch0,1
728475_23ch0,1
1585621_19ch1,1
296482_20ch0,1
1644966_23ch0,1
407397_08ch0,1
427929_07ch0,1
2496744_20ch1,1
1465131_19ch0,1
2328293_25ch1,1
2399472_25ch0,1
225789_20ch1,1
1984603_20ch0,1
583203_20ch1,0
1835482_23ch1,1
423469_23ch1,1
120149_06ch1,1
1412939_25ch1,1
380816_26ch0,1
1899157_20ch1,3
1750119_25ch1,1
1437743_23ch0,1
938551_25ch0,1
2163569_25ch1,3
600242_23ch0,1
87163_23ch1,1
406262_23ch0,1
1233627_25ch0,1
440096_06ch1,1
1796250_25ch1,1
859364_23ch1,1
315691_23ch1,1
2038535_25ch0,1
841789_25ch0,3
19923_26ch0,1
765615_30ch1,1
754108_19ch0,1
972036_25ch0,1
1736721_19ch0,1
2296861_25ch1,2
2335634_19ch1,1
1870028_20ch1,2
342528_06ch1,1
1402122_20ch0,2
2052446_19ch0,1
250178_06ch1,1
160564_07ch1,1
1995214_19ch0,1
61133_23ch0,1
739318_23ch1,1
1209955_23ch1,1
1320259_20ch0,1
192148_08ch1,1
2224929_25ch1,1
2454811_25ch0,1
120844_19ch0,1
330274_19ch1,1
1723446_23ch1,1
89566_23ch0,1
913331_20ch0,2
303110_01ch1,1
93661_20ch0,1
1972184_19ch0,1
1909877_19ch0,1
814082_19ch0,1
165595_01ch1,1
1628110_25ch1,1
1371847_19ch0,1
1514035_25ch1,1
140787_07ch0,1
1135747_19ch1,2
705390_20ch1,1
2135071_25ch0,3
1300125_23ch1,1
1861402_20ch1,1
391464_08ch0,1
446652_06ch0,3
556437_06ch1,1
999633_25ch0,1
765093_30ch1,1
735198_20ch1,1
1497577_25ch0,1
604317_23ch0,1
481405_08ch1,1
489348_07ch1,2
234690_06ch1,1
125266_23ch0,1
2412141_25ch1,11
131077_06ch0,1
216178_30ch1,1
1510408_25ch0,1
1984252_23ch1,1
14965_26ch1,3
1062998_19ch0,1
1063850_19ch0,1
114579_06ch1,3
118960_07ch1,1
777379_25ch0,1
742251_19ch1,1
1867580_19ch0,1
801436_19ch0,2
112369_23ch1,0
468117_20ch0,1
383104_08ch1,1
287018_08ch0,1
378986_20ch0,1
1281953_23ch1,1
756225_30ch0,1
826616_19ch1,1
2485498_25ch0,1
778722_25ch1,1
323680_23ch0,1
1593189_25ch0,2
213490_01ch1,1
59772_23ch1,1
748778_30ch1,1
521386_20ch0,1
1646254_23ch1,1
441331_23ch0,1
662592_20ch1,1
1336734_25ch0,7
2079784_20ch0,1
298922_20ch0,0
782201_25ch1,3
443113_07ch1,1
1949736_25ch1,1
15382_06ch1,1
1375997_19ch1,1
2206464_19ch1,1
1260196_25ch0,1
1323956_25ch0,3
1836970_19ch0,1
1459974_19ch1,1
6569_26ch0,9
2030492_23ch1,1
278979_19ch1,1
1276340_19ch0,1
1225042_19ch0,1
822860_20ch1,1
70847_06ch0,3
1108842_25ch0,0
135216_19ch0,1
399619_06ch1,1
360527_23ch1,1
2049386_19ch0,1
1549411_19ch0,4
339350_23ch0,1
1652394_20ch0,1
2187215_25ch1,1
1283027_20ch1,1
135322_20ch0,1
2223031_25ch1,0
615822_23ch1,1
320845_23ch1,1
611616_30ch1,1
257300_01ch0,1
1257215_19ch0,1
928638_20ch1,1
896056_20ch0,1
1098653_19ch1,1
1131085_23ch0,1
1480913_23ch1,1
311080_01ch0,3
2228833_19ch0,
1290662_25ch1,
894201_19ch0,
2064265_20ch1,
1568197_20ch1,
1457468_25ch1,
1950768_19ch1,
1909700_19ch0,
1860641_19ch0,
1815905_23ch0,
1885786_19ch0,
1928458_25ch0,
1520151_23ch1,
293478_02ch1,
703554_19ch1,
108871_23ch1,
2378909_25ch0,
1505161_23ch0,
1259242_25ch0,
1989324_23ch0,
2243196_25ch0,
1832814_20ch0,
2333767_19ch0,
322755_06ch0,
2227442_25ch1,
2047744_20ch1,
1383680_20ch1,
2670404_25ch1,
2161199_25ch0,
360392_08ch1,
42285_20ch0,
340379_01ch1,
2009596_20ch0,
401539_08ch0,
356373_06ch1,
700881_23ch1,
55002_19ch1,
1581137_23ch1,
1993380_23ch0,
521704_30ch0,
1572920_20ch0,
247962_02ch1,
1639567_19ch0,
433282_19ch1,
1195609_20ch0,
1444651_25ch1,
95512_23ch1,
611553_19ch0,
63526_06ch0,
302477_01ch1,
1814992_20ch1,
104449_06ch1,
1175628_25ch0,
964984_25ch1,
314260_29ch1,
301445_06ch0,
1579883_20ch0,
389672_19ch0,
1721331_20ch0,
1348181_25ch0,
917402_25ch1,
829498_25ch1,
616363_25ch0,
2024521_19ch0,
467239_06ch1,
671654_30ch0,
1401924_20ch0,
1858559_19ch0,
190004_23ch1,
178197_23ch0,
710768_30ch1,
2141472_25ch1,
28125_07ch0,
2591370_25ch1,
457139_07ch0,
278897_19ch1,
2053150_20ch1,
643934_23ch1,
1956630_20ch0,
859039_19ch1,
1962319_23ch0,
518575_06ch0,
1135554_23ch0,
1817176_23ch1,
987031_19ch0,
1277120_19ch1,
1181091_25ch1,
2056294_20ch1,
1013497_25ch0,
2222277_20ch1,
214213_23ch1,
240575_08ch1,
123335_19ch1,
1009610_19ch1,
940722_23ch0,
493912_06ch1,
318169_08ch1,
1155036_23ch1,
1292890_25ch1,
1780804_25ch0,
2363309_19ch0,
1153836_25ch1,
1699570_23ch0,
1489196_19ch1,
778903_25ch0,
1260052_20ch0,
94433_27ch1,
361320_02ch0,
2151435_25ch0,
123923_19ch1,
18057_07ch0,
600291_23ch1,
309883_19ch0,
2496782_20ch0,
2299475_25ch0,
478801_23ch0,
1921906_23ch1,
319809_08ch1,
952717_25ch1,
1071465_20ch0,
310802_08ch0,
154019_23ch0,
324585_19ch1,
1748953_25ch0,
477305_07ch1,
307253_01ch1,
1972642_19ch0,
291596_06ch0,
2328194_19ch1,
913601_19ch1,
1426820_23ch0,
799267_30ch1,
32794_27ch0,
2211008_25ch1,
1742304_20ch0,
1694845_20ch0,
80928_06ch1,
146356_20ch0,
1203969_23ch0,
2394067_25ch0,
804134_19ch1,
383544_07ch0,
796577_23ch0,
2170160_20ch0,
701306_30ch1,
2625607_25ch1,
1941437_19ch1,
718903_07ch1,
322180_23ch1,
171264_06ch1,
413259_02ch0,
1035996_25ch1,
1346465_25ch0,
2167380_19ch0,
1130904_19ch1,
375220_06ch1,
915683_20ch1,
2023609_20ch1,
33241_20ch0,
2023543_25ch1,
1349396_23ch0,
1632845_19ch0,
1449880_25ch1,
1886105_19ch0,
1308580_20ch1,
1244334_23ch1,
199212_19ch1,
1307932_19ch1,
687295_23ch0,
370691_01ch0,
2340830_25ch1,
2102551_25ch1,
172440_01ch0,
43510_26ch0,
263511_08ch1,
2360964_19ch0,
180035_01ch1,
2111978_25ch0,
349025_23ch0,
260984_06ch1,
778956_19ch0,
550362_30ch1,
2100695_25ch1,
2206588_25ch0,
2308708_19ch0,
2422071_25ch0,
1195092_23ch1,
959239_20ch0,
298137_19ch0,
864296_23ch1,
1411338_20ch1,
1444109_19ch0,
450709_23ch1,
110155_08ch0,
2248134_25ch1,
527560_23ch0,
1173825_23ch1,
169414_01ch1,
2318403_19ch0,
1266760_20ch1,
1807754_19ch1,
776466_20ch0,
324575_20ch1,
1213109_19ch1,
1729481_19ch0,
406000_19ch0,
2350010_25ch0,
2191459_25ch1,
189003_06ch0,
94110_01ch0,
281772_02ch0,
1759523_25ch1,
179908_19ch0,
243605_08ch0,
1945596_25ch0,
613516_26ch0,
169757_06ch0,
855964_25ch0,
1593492_19ch1,
142370_08ch0,
1048466_19ch1,
1471111_25ch1,
987807_23ch1,
1707197_20ch1,
1948975_23ch1,
1215076_20ch0,
533971_20ch0,
800776_23ch1,
1544767_19ch0,
1322267_25ch0,
222445_19ch0,
889151_25ch1,
1966365_25ch0,
104616_23ch0,
1419776_23ch1,
965160_23ch0,
1021552_20ch1,
634254_23ch0,
56546_19ch0,
2048644_20ch0,
994964_23ch0,
112043_02ch0,
1163903_25ch0,
331018_20ch0,
1187123_25ch1,
1910318_25ch1,
2122676_20ch0,
266922_06ch1,
1313228_19ch1,
1613648_25ch1,
1480230_19ch1,
1588077_19ch0,
434559_06ch1,
1904577_25ch1,
1387095_20ch1,
783374_30ch1,
1524174_19ch1,
2206408_19ch0,
2437984_25ch1,
1525527_23ch0,
1158268_19ch0,
710605_30ch0,
1460292_23ch0,
127100_02ch0,
187801_19ch0,
1447875_23ch0,
411714_06ch0,
1503400_25ch1,
372540_02ch1,
1230874_19ch0,
730638_23ch1,
1343958_19ch1,
1829555_19ch0,
708341_07ch1,
415930_23ch1,
2259699_20ch1,
2337922_25ch1,
1186122_25ch1,
721907_30ch1,
1190126_19ch1,
1941830_20ch0,
747351_25ch0,
1082477_19ch1,
1163101_19ch0,
837086_25ch0,
1874959_23ch0,
1305238_19ch1,
961351_19ch1,
136049_19ch1,
1477804_19ch0,
397131_19ch0,
1886322_20ch0,
1780962_19ch0,
1580271_20ch1,
206227_06ch1,
2020685_19ch0,
1151235_25ch1,
548768_20ch0,
2545733_25ch1,
789993_20ch1,
1396654_23ch1,
1166675_19ch0,
318777_08ch0,
1249183_20ch0,
256863_08ch1,
1709751_20ch1,
2629749_25ch1,
553234_25ch0,
427576_07ch0,
2495697_25ch0,
94884_19ch1,
1721680_19ch0,
582373_25ch0,
161943_07ch1,
220231_19ch0,
2371768_20ch1,
189534_08ch0,
390990_07ch0,
2110440_25ch1,
942221_20ch1,
153109_20ch0,
2343199_19ch0,
2386596_25ch0,
1354305_19ch0,
2327139_25ch0,
1572937_25ch0,
1270677_19ch0,
1423295_19ch0,
1089343_23ch1,
1135377_20ch1,
1977198_25ch0,
809063_30ch1,
2667751_25ch1,
2229369_25ch1,
1803855_25ch1,
26886_19ch0,
864213_23ch0,
1841227_23ch0,
148681_19ch1,
425374_01ch1,
1024795_20ch0,
1631947_23ch1,
1279321_19ch0,
332643_23ch1,
1224457_25ch0,
2244456_25ch1,
1977924_19ch0,
339730_20ch1,
1389365_20ch1,
1767276_25ch0,
2304842_25ch1,
2566278_25ch1,
1996934_19ch0,
907532_25ch1,
81101_20ch0,
1100778_25ch1,
403732_19ch0,
404559_06ch0,
317046_23ch1,
127632_30ch0,
1400750_19ch0,
1912366_25ch1,
1373268_20ch1,
634722_20ch0,
1403033_20ch0,
941238_23ch1,
83413_19ch0,
187313_08ch1,
992035_23ch0,
348974_06ch0,
61396_20ch1,
99506_06ch0,
1892701_23ch0,
1847704_20ch1,
932258_23ch1,
714228_25ch1,
591428_19ch1,
2663827_25ch1,
440050_07ch0,
1439031_23ch1,
439946_07ch0,
1302968_25ch0,
1341332_25ch1,
159513_27ch1,
1146918_25ch0,
227250_20ch0,
854731_20ch0,
1874744_25ch1,
1922883_25ch0,
452774_23ch1,
1601529_25ch1,
1785526_19ch1,
899008_25ch0,
1027277_19ch1,
1708803_19ch0,
2277331_25ch0,
414936_19ch0,
452018_20ch1,
80703_19ch1,
1270948_19ch0,
1759837_25ch1,
1275182_23ch1,
1745249_20ch1,
250864_23ch0,
1496340_25ch0,
548172_06ch1,
1408618_25ch0,
1910402_23ch0,
2068348_20ch0,
371126_19ch0,
1490625_25ch1,
1878646_23ch0,
1298653_23ch0,
259011_08ch1,
315737_08ch1,
877533_25ch1,
2222835_20ch0,
388746_01ch0,
1722250_19ch0,
1306152_25ch0,
2402988_25ch0,
344176_23ch1,
900647_25ch0,
656351_25ch0,
1839948_23ch0,
2205188_19ch0,
619182_25ch1,
978762_20ch0,
1117201_19ch1,
1199977_25ch1,
387342_02ch1,
676765_19ch0,
159619_06ch1,
2003638_23ch0,
1569153_20ch1,
